author,document,relative_path,role,sha256,text_sha256,model,predicted_author,distance,reference_document
WilliamKazer,101226newsML.txt,C50train/WilliamKazer/101226newsML.txt,mystery,86ac77f503c7e16c2dc806cefb0575fd0101ff822ea4bba3e1e212fceab11a36,207aea7eb907b7f8b0bd4e1f4e1fd0a6b9dc686f38838e38cf39d5f8eccc3792,tfidf_1nn,WilliamKazer,1.1217498009197073,C50train/WilliamKazer/113097newsML.txt
TimFarrand,10265newsML.txt,C50train/TimFarrand/10265newsML.txt,mystery,3e10b14ff6c87bd72d1312c10183c6104dc4fc6fc5d1c940b45eaecabfa50673,8a777bc25c03c87a70fd4f6fb7f6e3c00bbc3422527134e647003996be68c586,tfidf_1nn,TimFarrand,0.861474436918985,C50train/TimFarrand/160644newsML.txt
PatriciaCommins,102551newsML.txt,C50train/PatriciaCommins/102551newsML.txt,mystery,cf1bd5af1b1f8856e6bafaa0d605b6fb87bfe7c181a9ab4c7db5f4c1dcc51a70,ed614afbfe78dc78e46cc23d7c2947bab8be3e32fac0e54e9ecd64c0b67694a3,tfidf_1nn,PatriciaCommins,0.3407011840953595,C50train/PatriciaCommins/102719newsML.txt
WilliamKazer,101226newsML.txt,C50train/WilliamKazer/101226newsML.txt,mystery,86ac77f503c7e16c2dc806cefb0575fd0101ff822ea4bba3e1e212fceab11a36,207aea7eb907b7f8b0bd4e1f4e1fd0a6b9dc686f38838e38cf39d5f8eccc3792,style_1nn,PatriciaCommins,4.600560283700074,C50train/PatriciaCommins/114356newsML.txt
TimFarrand,10265newsML.txt,C50train/TimFarrand/10265newsML.txt,mystery,3e10b14ff6c87bd72d1312c10183c6104dc4fc6fc5d1c940b45eaecabfa50673,8a777bc25c03c87a70fd4f6fb7f6e3c00bbc3422527134e647003996be68c586,style_1nn,WilliamKazer,4.816873793475852,C50train/WilliamKazer/264132newsML.txt
PatriciaCommins,102551newsML.txt,C50train/PatriciaCommins/102551newsML.txt,mystery,cf1bd5af1b1f8856e6bafaa0d605b6fb87bfe7c181a9ab4c7db5f4c1dcc51a70,ed614afbfe78dc78e46cc23d7c2947bab8be3e32fac0e54e9ecd64c0b67694a3,style_1nn,PatriciaCommins,2.0463522758234847,C50train/PatriciaCommins/102719newsML.txt
WilliamKazer,101226newsML.txt,C50train/WilliamKazer/101226newsML.txt,mystery,86ac77f503c7e16c2dc806cefb0575fd0101ff822ea4bba3e1e212fceab11a36,207aea7eb907b7f8b0bd4e1f4e1fd0a6b9dc686f38838e38cf39d5f8eccc3792,style_centroid,WilliamKazer,4.824226654353467,author centroid
TimFarrand,10265newsML.txt,C50train/TimFarrand/10265newsML.txt,mystery,3e10b14ff6c87bd72d1312c10183c6104dc4fc6fc5d1c940b45eaecabfa50673,8a777bc25c03c87a70fd4f6fb7f6e3c00bbc3422527134e647003996be68c586,style_centroid,WilliamKazer,5.350438651761518,author centroid
PatriciaCommins,102551newsML.txt,C50train/PatriciaCommins/102551newsML.txt,mystery,cf1bd5af1b1f8856e6bafaa0d605b6fb87bfe7c181a9ab4c7db5f4c1dcc51a70,ed614afbfe78dc78e46cc23d7c2947bab8be3e32fac0e54e9ecd64c0b67694a3,style_centroid,PatriciaCommins,3.900497137594524,author centroid
WilliamKazer,305704newsML.txt,C50test/WilliamKazer/305704newsML.txt,official_test,71308d534380519c800ccd17a59b9df9bf6309b67a528b5c4fb081138740acd5,1a35d5cf630519577dea0bd398d18cf114e7e882ebbfc5260458600b346ee3f7,tfidf_1nn,WilliamKazer,1.0226889099710275,C50train/WilliamKazer/257526newsML.txt
WilliamKazer,316238newsML.txt,C50test/WilliamKazer/316238newsML.txt,official_test,960ae6960870252ca310729eb10e16bc41b1f521eb87450cceddf0337a0f6fcc,6e3b5f4c13c9b4071314a6b8cfa1035ccd631db61fe5d5a7f4be25fdeed9d703,tfidf_1nn,WilliamKazer,0.9746696025443469,C50train/WilliamKazer/258689newsML.txt
WilliamKazer,320093newsML.txt,C50test/WilliamKazer/320093newsML.txt,official_test,f6d4725ac7e3ec1964bf97df48d1226230d50c0e48573e012ee3c597f5e65175,2709974451e2671bfac4ba9fc55da0082d368db2218c7131f0c92849a5998bd9,tfidf_1nn,WilliamKazer,0.7096593080469049,C50train/WilliamKazer/125333newsML.txt
WilliamKazer,323030newsML.txt,C50test/WilliamKazer/323030newsML.txt,official_test,0f9a6432fd0efc343120d622c09a07a1b897338fd6cc6f91728647f53f2df236,261540838810d10c5f506fee20b3c0b715fdd5f03782c721e483668d38ce667f,tfidf_1nn,WilliamKazer,1.2298405352584396,C50train/WilliamKazer/10321newsML.txt
WilliamKazer,323194newsML.txt,C50test/WilliamKazer/323194newsML.txt,official_test,98b31cfb46588c6f147ce2562be08e1b1e90f7990801101f46500ee0eedad8ba,e81bd1350e81b1b7bf73dd225ca351fb56392d2994d785c0138fa4db4f2752ce,tfidf_1nn,TimFarrand,1.1805158807004255,C50train/TimFarrand/220852newsML.txt
WilliamKazer,326930newsML.txt,C50test/WilliamKazer/326930newsML.txt,official_test,880a8b74822555fb32b825452cd72c32978a94a9a93dace5e0fef34ca0284b94,c98a07330b65c014024de2add23bd59ccf73579db125bac3079d4096b51741e2,tfidf_1nn,WilliamKazer,1.0026378033412926,C50train/WilliamKazer/125333newsML.txt
WilliamKazer,345482newsML.txt,C50test/WilliamKazer/345482newsML.txt,official_test,0d07d8c741d89e38dad77c4daec278a482429e4d92339d74656ff188609eb58f,aea20c73ee9a70087cde672bcb425d6dfd5897287a554237c810e03fefa7b09a,tfidf_1nn,TimFarrand,1.1955330675284017,C50train/TimFarrand/127856newsML.txt
WilliamKazer,352827newsML.txt,C50test/WilliamKazer/352827newsML.txt,official_test,7b3e088ec63c9f08baa78bd280715b162bd060e853562c84f444139bb2f2785e,bff53538fb0879fcc19aca91ac8692b4df44e650f499de8c558fae8dc4f4737d,tfidf_1nn,WilliamKazer,0.8881719602502436,C50train/WilliamKazer/123484newsML.txt
WilliamKazer,391142newsML.txt,C50test/WilliamKazer/391142newsML.txt,official_test,b647b8384f7a6523840a91ad8361c59077b66ad547284676f2674963c9a50244,b6c99daddbf73a280a7824e52ffaf580b04bdcfba8280335f7b41b398efc79da,tfidf_1nn,WilliamKazer,0.9492721855161071,C50train/WilliamKazer/282935newsML.txt
WilliamKazer,395504newsML.txt,C50test/WilliamKazer/395504newsML.txt,official_test,f27719c19ee09dd6d837dfe86dee12ffa8b9293d8aa6990673ccfdda9a9600b2,45b199a91b8966b8396a0e913c13cace160d08e43b9e838cf5d99c7ad88909d1,tfidf_1nn,WilliamKazer,0.9249024282304551,C50train/WilliamKazer/289747newsML.txt
WilliamKazer,395790newsML.txt,C50test/WilliamKazer/395790newsML.txt,official_test,570f9ce391c36dbd493a2d7fb272749d55bdb7b1b2f004779e507615e87657dc,ba98ceca8b967dc982370faf62bcfd3d1c3db6aa3ce5e0068a2895141c2bd135,tfidf_1nn,WilliamKazer,0.8016887970801562,C50train/WilliamKazer/282935newsML.txt
WilliamKazer,396207newsML.txt,C50test/WilliamKazer/396207newsML.txt,official_test,9f751a9a2b1d636538ae9760ee935cc0fab4a8dbd60651671a90fc1f4b75a4cc,d3107cfa1bec2a8acb3e825801133f78cd26eb844435cc6f853219c1fb13c7b0,tfidf_1nn,WilliamKazer,0.7659481590540433,C50train/WilliamKazer/304402newsML.txt
WilliamKazer,396728newsML.txt,C50test/WilliamKazer/396728newsML.txt,official_test,9f2d4a2bb6a403301cab8b2f50718301e8f65739e09bbc4389f28cdec9457a21,c5ffc5c56125f97bbd00b9fca4614fbfab4c9baa6bdff4b0202e8b7fc3b02e1b,tfidf_1nn,WilliamKazer,0.9449420054758402,C50train/WilliamKazer/304402newsML.txt
WilliamKazer,401033newsML.txt,C50test/WilliamKazer/401033newsML.txt,official_test,68c28a26c8eaa87c57bea1887eb4496c049e1e66600bfb20697517b6aa7b08b0,f7d4967d15da27f44c7a64e60f07dc8441f6e260f1620005f3950a1fccec9b49,tfidf_1nn,WilliamKazer,1.159387945798103,C50train/WilliamKazer/282935newsML.txt
WilliamKazer,402543newsML.txt,C50test/WilliamKazer/402543newsML.txt,official_test,9e050ecd34425de4c6dd0679e03d6ba3e7f674b8a48c900df3ce0b96004d4bb5,8f88c0340cdc91efd71fb060eb00c5f48012ac423d439e7e25d1e27e1563191e,tfidf_1nn,WilliamKazer,0.7644338844447254,C50train/WilliamKazer/282935newsML.txt
WilliamKazer,405326newsML.txt,C50test/WilliamKazer/405326newsML.txt,official_test,4a452de2b351d110b88b76454da6f0d2b899e4538f982d1594b0b4091c93facc,0cdc7b72b66fcdf0f7a7b3d90eec4727e95590a607bb1d755f5b874f940d8484,tfidf_1nn,WilliamKazer,1.209825726558941,C50train/WilliamKazer/282935newsML.txt
WilliamKazer,412098newsML.txt,C50test/WilliamKazer/412098newsML.txt,official_test,ea0fe6f60e8e2fa44fe16ceb4f334d83abe35a9698560c540539f22d05425d07,7320b4129c09b513e2dadf2e2f716b169a9f5527359bdcf0c89d3f642f7c33f9,tfidf_1nn,WilliamKazer,0.9652128603388083,C50train/WilliamKazer/289747newsML.txt
WilliamKazer,416243newsML.txt,C50test/WilliamKazer/416243newsML.txt,official_test,6bb3703646ae71f3a6b4d5c7f54e9c7872bfc483da9985b0fc966ff411d21c25,40a15d8e9a396138483203acc8da520b83e6092c78324da0c0e735fcb66b0420,tfidf_1nn,WilliamKazer,1.0891001922081667,C50train/WilliamKazer/264132newsML.txt
WilliamKazer,417666newsML.txt,C50test/WilliamKazer/417666newsML.txt,official_test,e39c2888892485591fdf421784fc1e4bf1a418d5ed791621e1575cedfc725f97,564f7b1f3fff5a5b4506f66a64b22616332ab4480fdbe9d8d1a1004ce4d9f3f4,tfidf_1nn,WilliamKazer,0.999220649268479,C50train/WilliamKazer/239878newsML.txt
WilliamKazer,425219newsML.txt,C50test/WilliamKazer/425219newsML.txt,official_test,f5334bcc520d1055e65372770420e9c34992b31ed42cef0838d0884829d52ccf,635db7f2c1251dbeab2feab486b95f2daed50c6a7abdfa4a4854275e17241e0a,tfidf_1nn,WilliamKazer,0.8493826703383754,C50train/WilliamKazer/125333newsML.txt
WilliamKazer,426551newsML.txt,C50test/WilliamKazer/426551newsML.txt,official_test,df900f3ac2d10784a32658486da858355c1817c44da5b7b45d04bb02b22571a2,d11d4606334663816147e3b6d8a393653ad38ddeed09193603f4e61743f7f250,tfidf_1nn,WilliamKazer,1.1380678403553792,C50train/WilliamKazer/282935newsML.txt
WilliamKazer,429173newsML.txt,C50test/WilliamKazer/429173newsML.txt,official_test,e7f27831c52164a84f8aece0bc254f722efc5b7b4a1922b98fd0b020fc9dfae3,fcc03a0f077b462fbdec99808e7ef3c0108abcdeb5b3017f86b02a646a27323c,tfidf_1nn,WilliamKazer,1.1712663440783009,C50train/WilliamKazer/188958newsML.txt
WilliamKazer,430302newsML.txt,C50test/WilliamKazer/430302newsML.txt,official_test,1b06f794157b470c6c001e5c9350f6cd431f51fbf3c2f3c9d91fd93eaf80b1f4,fe37bdfec1a26d641a62cefa3b9cbfd9a214b47a94bef31a3b8c043fad4098f1,tfidf_1nn,WilliamKazer,0.8511308219179821,C50train/WilliamKazer/268647newsML.txt
WilliamKazer,436341newsML.txt,C50test/WilliamKazer/436341newsML.txt,official_test,61f7926a4551174fff4610ca087c50977b16d429361542d3c7db19159b940879,b9be1ed40ff444165c8b99499af80d37932d97d9cbc6190b2679cd9abb0814a4,tfidf_1nn,WilliamKazer,1.0274031730980318,C50train/WilliamKazer/257526newsML.txt
WilliamKazer,444197newsML.txt,C50test/WilliamKazer/444197newsML.txt,official_test,1210f28c6267c82a7406ac6f30f2acb926f9898d3993728f9ebef8a5afbddae4,fd8487cf56cc60efc683656e249b7fb4aafb6f9b4ddb53841714fa297198b685,tfidf_1nn,WilliamKazer,1.1226970140079409,C50train/WilliamKazer/281216newsML.txt
WilliamKazer,444464newsML.txt,C50test/WilliamKazer/444464newsML.txt,official_test,07af85221632d0ca0dc4864235a5d788921bee0b8d832166791ad94f6a1d0f2e,574d53d5ee33af2294a026e690676c2b5712adcfd15b3603a36f3bf94321589e,tfidf_1nn,WilliamKazer,1.1455943273199831,C50train/WilliamKazer/169626newsML.txt
WilliamKazer,451527newsML.txt,C50test/WilliamKazer/451527newsML.txt,official_test,9f940f215d6aadd6aa6d89e00617fde96a61a6cd1c3cd2c0b47d735ce29c0d33,4643234e70fb461501367fbc82998e0cd8d1e0711e90946564dbd9a5ab9da49a,tfidf_1nn,WilliamKazer,1.1955742388389248,C50train/WilliamKazer/235763newsML.txt
WilliamKazer,456140newsML.txt,C50test/WilliamKazer/456140newsML.txt,official_test,e9159cdbd1b3abb19c7b3085e33329ea17ee28b7aede5202cd2659994d22a5e9,4e62249b0be6e625ba2fd744d8e5021dc7542467bdc8737689fcf4658a8519ea,tfidf_1nn,WilliamKazer,0.7837334673139703,C50train/WilliamKazer/268647newsML.txt
WilliamKazer,460924newsML.txt,C50test/WilliamKazer/460924newsML.txt,official_test,a059269743a82f4af1b051493f18fe0c40f2395c59c47a6e811943cd5411e5f8,e69e2ed7a1592a978fca0cd238d163fc9d2e1dfa8439e6b10d4d8a59bcc5be9e,tfidf_1nn,WilliamKazer,0.9617532678993014,C50train/WilliamKazer/208244newsML.txt
WilliamKazer,462143newsML.txt,C50test/WilliamKazer/462143newsML.txt,official_test,aadc65cf7497901fb360267ca0dfc29015d30655cd4e36f281464c4912576822,6044fc97eb01bba45b74b804a9e8998de467fea75cc95777e7a45f358dbc4cb8,tfidf_1nn,WilliamKazer,0.8939228140217236,C50train/WilliamKazer/282935newsML.txt
WilliamKazer,462169newsML.txt,C50test/WilliamKazer/462169newsML.txt,official_test,907a620f67e492bacc2d5fe0cf68585374be259fb647b9307fceb43f370bddb5,c29be6b6e41c78ec5323a585813ac524c38d8f6cee8095fbd456b35a931c905e,tfidf_1nn,WilliamKazer,1.051660646338985,C50train/WilliamKazer/282935newsML.txt
WilliamKazer,46254newsML.txt,C50test/WilliamKazer/46254newsML.txt,official_test,895560bcc6d552a14f9d1e95b7f1c9da2146ae3fb0eeaa390b215ec97a8c0ea4,cb02c6d22dd83320ca8075010973fffbeea656982595c9d13db140d9f989e9e5,tfidf_1nn,WilliamKazer,0.5348747908323462,C50train/WilliamKazer/105226newsML.txt
WilliamKazer,463380newsML.txt,C50test/WilliamKazer/463380newsML.txt,official_test,a99018406ead17014547c22415cb65f2b77b568a8d41f348bc2c81127346a998,3f85a7f6cce68b48035569b8200912d4085a196ca53ffc884f2d545cc42e37a8,tfidf_1nn,WilliamKazer,0.9121942426053413,C50train/WilliamKazer/196734newsML.txt
WilliamKazer,464888newsML.txt,C50test/WilliamKazer/464888newsML.txt,official_test,94ec65185505cdd76b469a5ef647d6a2e4625e1877b965464523ee37207ca62b,2ed095e7006fd11ae86f338df7be5e58c498924147d06fc119ff7f875aa0f595,tfidf_1nn,WilliamKazer,0.887152828432666,C50train/WilliamKazer/268647newsML.txt
WilliamKazer,466101newsML.txt,C50test/WilliamKazer/466101newsML.txt,official_test,9bcc0dd366bf75747d295c3863145ef7f3143c963de3ab8097d2f822de00d98b,f1504bd70b555695b3299dfe486b6db077982cceaecbac650aaf548dd2858000,tfidf_1nn,WilliamKazer,1.0706960683702589,C50train/WilliamKazer/257526newsML.txt
WilliamKazer,467718newsML.txt,C50test/WilliamKazer/467718newsML.txt,official_test,889d4b10705c74dab9fdd92dd011001340ce80cceecba1a1d4b5cedc24ac8c6d,6ec2a42d935026b6800f507eacf749cd2af2237ca3440601d74a13458c1f81cd,tfidf_1nn,WilliamKazer,1.0299113516159073,C50train/WilliamKazer/188958newsML.txt
WilliamKazer,467962newsML.txt,C50test/WilliamKazer/467962newsML.txt,official_test,39c3ed88f7c4007f418d15b44a3ecbbb1a59cadcbb0b3caae187af077c48941b,f137049c461299ba795e287925c710998ad3ff11331d809ed873298cd6187ab2,tfidf_1nn,WilliamKazer,0.8160880345079085,C50train/WilliamKazer/268647newsML.txt
WilliamKazer,473642newsML.txt,C50test/WilliamKazer/473642newsML.txt,official_test,15db2d315c8341e7d5f65189e4dc8d087a6eac4d15c11390ed7ac5795d7e1c04,8bdbd92aee3b02901833e0ea30a8fcb2bdb06048aa7946e3a0f1220ddb212d8a,tfidf_1nn,WilliamKazer,1.115292537052017,C50train/WilliamKazer/264132newsML.txt
WilliamKazer,475305newsML.txt,C50test/WilliamKazer/475305newsML.txt,official_test,16d31a1ede6e77a50c08de998637ce19de04355b9961bf4cc8618801bb7a7d26,a7798ff022bb27de1872a7fc5d99cb92968b02978c348841f22de08ccd362f3f,tfidf_1nn,WilliamKazer,1.094028042275307,C50train/WilliamKazer/235763newsML.txt
WilliamKazer,475505newsML.txt,C50test/WilliamKazer/475505newsML.txt,official_test,feca3710fed247eeb1d67225b46748110412b5cf90c0d4fbe103e2b6c9998ded,eeac943aae566448fe8a8a8e45dffa7ba482a3c7001d14bff5ee009235dd9eba,tfidf_1nn,WilliamKazer,1.094028042275307,C50train/WilliamKazer/235763newsML.txt
WilliamKazer,476736newsML.txt,C50test/WilliamKazer/476736newsML.txt,official_test,22544d4477fb8d6979f9238134735ed3ba08136d4efe7070eef71f9973dd8144,6c685f8144f3199210461c9116bf9ebb91f08aeeede237ca620d85b5a083e7bf,tfidf_1nn,WilliamKazer,0.8071280123475845,C50train/WilliamKazer/196734newsML.txt
WilliamKazer,480381newsML.txt,C50test/WilliamKazer/480381newsML.txt,official_test,73d6db972a00084f997185b29dca776b5cd0c128d10b1981bf914ea1977d0a89,cf123b6748571f5e1929ca8dd647c956c151e6fa7c50caedcb900ff2e5a0120e,tfidf_1nn,WilliamKazer,1.1084165603860856,C50train/WilliamKazer/264132newsML.txt
WilliamKazer,489283newsML.txt,C50test/WilliamKazer/489283newsML.txt,official_test,ea80fc663c400058dd52997eb2625a72e16d192fb31d4eaccb19be37318e3568,e65f52d249cf06578df3f7bdc752e2979246935230440f2e2b71e8d071550b5c,tfidf_1nn,WilliamKazer,0.7604848958713798,C50train/WilliamKazer/282935newsML.txt
WilliamKazer,491019newsML.txt,C50test/WilliamKazer/491019newsML.txt,official_test,ba33562989f63a6b16102e7e08e7ee62997da5dee63b02089a35175df355fee5,d0e8e0714df99781eadb5ac0497f07491cd19762ca7a210ae892b0850749d7c7,tfidf_1nn,WilliamKazer,0.8859070861546149,C50train/WilliamKazer/125333newsML.txt
WilliamKazer,49404newsML.txt,C50test/WilliamKazer/49404newsML.txt,official_test,136679275e3b84056a1181cebf416b13d874e4681e3f302bc996f3019fdab0d7,698cda645650e912ce51478b24c4785768b207f1152ed8ebc0dcdc81d43b5566,tfidf_1nn,WilliamKazer,1.12376198358869,C50train/WilliamKazer/195340newsML.txt
WilliamKazer,504283newsML.txt,C50test/WilliamKazer/504283newsML.txt,official_test,6103bb7cd2f5104d8e533bd6b3af8c2bb1ede5e64b323b718fc14675bb7dc808,235642e5caa1b9a1e93a3d7b432e4f5110f5d44851a5fc17194e684623e05382,tfidf_1nn,WilliamKazer,0.9698946930680516,C50train/WilliamKazer/214207newsML.txt
WilliamKazer,504526newsML.txt,C50test/WilliamKazer/504526newsML.txt,official_test,c9ebd386d8a7ccfe8f31c10a0315351d2b0a7c9f77315fe0f121b32b2c90984e,a5d42fd681e4e4bdf3334fa0949771865b60745fe2599f8aaf7a9a30f99bfe60,tfidf_1nn,WilliamKazer,0.9698946930680516,C50train/WilliamKazer/214207newsML.txt
WilliamKazer,51502newsML.txt,C50test/WilliamKazer/51502newsML.txt,official_test,4e8e1d954f992ea93ac589441f07948d6af8edde80f2f2e818bec04693dbcc44,bff382c7266b92cf47eb9c323ddaa1660809fd6ba7f498d813249cd752f2ebe3,tfidf_1nn,WilliamKazer,0.9207655604521922,C50train/WilliamKazer/113097newsML.txt
WilliamKazer,522090newsML.txt,C50test/WilliamKazer/522090newsML.txt,official_test,7dc1a2f42e6bcf718b05b7449c59328c0ad910062af04c0a8a493fbfa31bbfff,35aafdd91e7bcbae43cc6fde755f6edc068b26061658cd32afcc6b686266a69c,tfidf_1nn,WilliamKazer,1.0226366654664676,C50train/WilliamKazer/2430newsML.txt
WilliamKazer,58312newsML.txt,C50test/WilliamKazer/58312newsML.txt,official_test,9de1364390bc82237ec7ea814234e85a0e2f622a64e418b2345f769292c787b5,451f6c76dc0aa7128527724591a7374028a6b1d808e2b30e7419ca2956f43b6c,tfidf_1nn,WilliamKazer,0.929688403347805,C50train/WilliamKazer/282935newsML.txt
TimFarrand,244215newsML.txt,C50test/TimFarrand/244215newsML.txt,official_test,22067c7575a304ad9088969aa6379dc01a82189e1e57e5638e0f8595dbf86840,9bcf741baf10c90ab4ab94ad49b0aa7d12a227f6bce9d0daffb3c04c42ad66b6,tfidf_1nn,TimFarrand,0.8577508119634439,C50train/TimFarrand/242910newsML.txt
TimFarrand,247062newsML.txt,C50test/TimFarrand/247062newsML.txt,official_test,c490c298703134a67e2766847a1efc2e8487b239da10c25201bbe0e923071228,051ffeb4353ba3bde21de8fd9bdceea80d8623537922c7c7f8085c1552f83ed4,tfidf_1nn,TimFarrand,1.2595163892913852,C50train/TimFarrand/165864newsML.txt
TimFarrand,24919newsML.txt,C50test/TimFarrand/24919newsML.txt,official_test,04ce3f3fc91dda076af08bed4fe1760bac3d62d8cf62e10faca05f6bb7e354cb,193611cad0c05fc3f9485631b20e4e5df3716bfdc9f2545d1c9ed0b42a7312c3,tfidf_1nn,TimFarrand,0.9935909657566966,C50train/TimFarrand/224668newsML.txt
TimFarrand,250585newsML.txt,C50test/TimFarrand/250585newsML.txt,official_test,b8a8d4217b826641579019a3c33c62d336675203147cd352d515e52b5d6a6e79,d370c12635b5f126db314990b1acc16c902afb14d08fca33233c33eddd5965e5,tfidf_1nn,TimFarrand,1.0745025975527471,C50train/TimFarrand/149844newsML.txt
TimFarrand,253041newsML.txt,C50test/TimFarrand/253041newsML.txt,official_test,2aa18b4b648e533f8be1b56eb8ba5902dbd817ae8b2eb6169ba89ae5440f91a5,9e45d6505a0e688885fc5138a7e596985e55f2cef41ad2004cdda77f2ad19d84,tfidf_1nn,TimFarrand,0.9442234890667217,C50train/TimFarrand/240674newsML.txt
TimFarrand,253128newsML.txt,C50test/TimFarrand/253128newsML.txt,official_test,e09eb117797867d779d3ad325f06508405ff0b056e332f3d4a445c81cfc789df,294ac0e614e8eb1886778e83a5bf1442e56973693c682efffc38c1d77f498360,tfidf_1nn,TimFarrand,0.8558583922469378,C50train/TimFarrand/240674newsML.txt
TimFarrand,258162newsML.txt,C50test/TimFarrand/258162newsML.txt,official_test,076db284e27d7a5f9bcfc1c19505ed70694d7e28c740cf649e152519b6f6feb5,06d30e3abfb01b2c457933758e389226b689e387af6303a838dac0bbd1ffa1d5,tfidf_1nn,TimFarrand,1.1064590334572277,C50train/TimFarrand/224668newsML.txt
TimFarrand,259532newsML.txt,C50test/TimFarrand/259532newsML.txt,official_test,6c8a6712c5f476ac6397b92a928d2e565c8b27a73d13a15baadc9250735e17ac,b41f93a316866486e521e8f64264a0eb949d36888fdf9525ebf748294d70e946,tfidf_1nn,TimFarrand,1.1385232915982073,C50train/TimFarrand/224668newsML.txt
TimFarrand,262620newsML.txt,C50test/TimFarrand/262620newsML.txt,official_test,406ba2d96b0ba15bdde1f363b518a571668e65f38aa80c97ca4a34d2e4df75be,856f78d988b5fb1380e505d33b8c0aa4b09ccc98b938c88cbc5e028e0580ba3d,tfidf_1nn,TimFarrand,0.9206927324552483,C50train/TimFarrand/240674newsML.txt
TimFarrand,262644newsML.txt,C50test/TimFarrand/262644newsML.txt,official_test,49e1bd7d890a49fb8a478f6ff16ec8c99ae523d5a828762b6e30478ed24ee5a9,20c6a1a1600c439bb588b87b548185d60b3a910fe02877b076dec9683c3cf556,tfidf_1nn,TimFarrand,0.9792913536576512,C50train/TimFarrand/240674newsML.txt
TimFarrand,267753newsML.txt,C50test/TimFarrand/267753newsML.txt,official_test,cf6682a30ce6c49e092d523eb134337dbd7f1daaf42882697abd70f790a6436c,3d97ef6ff789c83590f7b5aed8ea5d3356c99e04d557f4557aba494c9e540fb4,tfidf_1nn,TimFarrand,1.2163200745292275,C50train/TimFarrand/160644newsML.txt
TimFarrand,267997newsML.txt,C50test/TimFarrand/267997newsML.txt,official_test,756b5ed5e812748bdea26ba708085a9785ca759b07462fa4fae4612d3a53389e,b6b6ec6190a0361a557be6402fbf867b278d23c104f02afc5727274b1d3a48c3,tfidf_1nn,TimFarrand,0.9363075121406901,C50train/TimFarrand/160644newsML.txt
TimFarrand,292123newsML.txt,C50test/TimFarrand/292123newsML.txt,official_test,e95204aec0f7373800ebc47bff77f2854bcb2ea73033092b9614bfc84ee82d0e,3175a2377f06276eeb74a93a61a9ae2cc0dde40b146911af5dec217b3bd17bf6,tfidf_1nn,TimFarrand,1.0780087204241735,C50train/TimFarrand/202017newsML.txt
TimFarrand,306551newsML.txt,C50test/TimFarrand/306551newsML.txt,official_test,0aebb131691b6ee2aea9cbd565a0efad96b91c71c58d90a7b21bee524ec34cbd,a0b291d1b393390b6f83d01da067c787d7b81fee9c84c6aaf9051dbc12b55376,tfidf_1nn,TimFarrand,1.02983405031224,C50train/TimFarrand/149844newsML.txt
TimFarrand,307168newsML.txt,C50test/TimFarrand/307168newsML.txt,official_test,71894d271fc947b6b0fe9e0d64edf6cd3ea45641505771896a8ddbf8f98360e1,a28d55bf0ab12b9d5fa2e25c48cc30d15579790c4a7ed78fe6e5afd10f805d1e,tfidf_1nn,TimFarrand,1.2017627840740468,C50train/TimFarrand/149844newsML.txt
TimFarrand,309610newsML.txt,C50test/TimFarrand/309610newsML.txt,official_test,b7abb1b0798609a880bdf8a42fa7224c62ee9bb837e28899d912b3762e832253,fd004a930f85034df5e5f9133a7fa6e2d43acc94d7b2fe1cff088680b3f285dc,tfidf_1nn,TimFarrand,1.056748155214831,C50train/TimFarrand/114953newsML.txt
TimFarrand,31031newsML.txt,C50test/TimFarrand/31031newsML.txt,official_test,4721e41dfdf3d2265f6eb14412f7ae7d3c80fc62aec6b16b62665cd8b8c41c3b,de6592126ef0cbb7aeb0979aa4c9ac79af5c78518ca75d6e91a1b7c7bf4d71db,tfidf_1nn,TimFarrand,1.0578385242813997,C50train/TimFarrand/175500newsML.txt
TimFarrand,31143newsML.txt,C50test/TimFarrand/31143newsML.txt,official_test,a0f2407b1ca416d89fd3567b361f4ac1d2ce568045d6e67160f4331307c9b4b5,d3b881f281c661ef2c073f006d734706a9f7a0555846eea2a7ea1a6930a21439,tfidf_1nn,TimFarrand,1.1188411370096822,C50train/TimFarrand/201017newsML.txt
TimFarrand,315548newsML.txt,C50test/TimFarrand/315548newsML.txt,official_test,0f7e4d9517c4886016f8464b34ff869ded6297541894dc41e5289b811c616d1f,786599e10095811a9eca3382006d0af851114ca42e9daca1fd47b56c63183479,tfidf_1nn,TimFarrand,1.160950612535099,C50train/TimFarrand/114953newsML.txt
TimFarrand,318218newsML.txt,C50test/TimFarrand/318218newsML.txt,official_test,955f5040be2ce329abebde53d508a13871ecca911958e8fc764d629114883af4,252fbd20509e158c0d5c88f9e18c14102f37ef90206cdb5da7440edf57227406,tfidf_1nn,TimFarrand,1.1767132182396538,C50train/TimFarrand/114953newsML.txt
TimFarrand,325763newsML.txt,C50test/TimFarrand/325763newsML.txt,official_test,ac7d38c06a92b0338175cbf24a574e49ef0c85bfe98deb856974848f630d6190,ebb69877346e3ebd12c04254557a4707db3f3ed277efaf45d843617d59dd1ebc,tfidf_1nn,TimFarrand,1.0117965800353033,C50train/TimFarrand/173770newsML.txt
TimFarrand,325855newsML.txt,C50test/TimFarrand/325855newsML.txt,official_test,395a6679ca84a2c5971ea50e90ded6002a53d58b9f7a6a03432854a134747fea,348dad08e95ef0171498c7254ebb7cede8fee84b8df6472c6649f30fd25947d6,tfidf_1nn,TimFarrand,1.0843702683596632,C50train/TimFarrand/173770newsML.txt
TimFarrand,326348newsML.txt,C50test/TimFarrand/326348newsML.txt,official_test,5b8f5404ef3e3a5307d667a269687b753e9f9c7a8146bacb4d5a3018b615bb0e,437a2cf0ffcb14e9ddadfa7921fb0cc680d8081cddd8e49c4b32fe2318d75e9d,tfidf_1nn,TimFarrand,1.065255870386532,C50train/TimFarrand/240674newsML.txt
TimFarrand,34067newsML.txt,C50test/TimFarrand/34067newsML.txt,official_test,c09fe35a0b136bcd57cf37deafdf9c5900d5cc718e3a78089ad6fdd5946f4984,8f826fac0e74730023690d4836cd16aebb1c194f01812344283ce1dc0bcb9532,tfidf_1nn,TimFarrand,1.003391706921633,C50train/TimFarrand/237957newsML.txt
TimFarrand,345001newsML.txt,C50test/TimFarrand/345001newsML.txt,official_test,3b69b6d958f94011155ace351ab788881e09abb4a3d4f9347799a20df0eb163a,f96ce4643828e1f0cafbc156bc0993b5fd863fcb46a6b858b93cbbf165bee5ad,tfidf_1nn,TimFarrand,0.8785021042273211,C50train/TimFarrand/210560newsML.txt
TimFarrand,361229newsML.txt,C50test/TimFarrand/361229newsML.txt,official_test,444544184c141f06244c4d5ee39b35602b8a714a00ebc6e13147da3d2c9c24c0,2b2f097d20305d7d32559dd7b8d8237ff0c0c04eca017a70fd62d7fa782ec6a2,tfidf_1nn,TimFarrand,0.9952764834178242,C50train/TimFarrand/234885newsML.txt
TimFarrand,364018newsML.txt,C50test/TimFarrand/364018newsML.txt,official_test,3c49f39a720e95cd9d1126050513babf848b07ced8edd2c401bee80f7f70a4b6,75e77ce23dd7c091e09c92d1394375416711f228436a6c18ee89dc28938be891,tfidf_1nn,TimFarrand,1.0120103686651296,C50train/TimFarrand/159531newsML.txt
TimFarrand,364077newsML.txt,C50test/TimFarrand/364077newsML.txt,official_test,c24de8cc9cdcf64fb956cd44b71378740b54bbe8641d2f6faf0bdd7871d3bdb4,09bcc4bbacd00a633558b5f5cb414692e4a34e7571c4cbb045391bc85582701f,tfidf_1nn,TimFarrand,1.0120103686651296,C50train/TimFarrand/159531newsML.txt
TimFarrand,367648newsML.txt,C50test/TimFarrand/367648newsML.txt,official_test,5b6212088a19509c97222645bb8ab849965de9379be8a577a2ed9383ae165b19,88e9e6c79c353995ba9fcbc78d752cb0fafad2b63bc2a68c23fc481871f3ab69,tfidf_1nn,TimFarrand,1.0447417415502014,C50train/TimFarrand/175500newsML.txt
TimFarrand,368884newsML.txt,C50test/TimFarrand/368884newsML.txt,official_test,c5e5b04d6808f0f966bee36c088098ba4ab76714e6bfe8f87ca494b7cf02de15,13bb9ade912cd413e1b044bb4c11b5bc9c3b5a20847631440b1d04f644aec5c1,tfidf_1nn,TimFarrand,1.0869242642240156,C50train/TimFarrand/159531newsML.txt
TimFarrand,370324newsML.txt,C50test/TimFarrand/370324newsML.txt,official_test,5e51e559957119b814a412b6c24ca0c353f4025b591648080779c565495553bd,6b94f00b25d9136d1e4eb8da812bbb48e99b87f27b0d3392b78295bbe7d63545,tfidf_1nn,TimFarrand,1.0551224189208555,C50train/TimFarrand/175500newsML.txt
TimFarrand,370357newsML.txt,C50test/TimFarrand/370357newsML.txt,official_test,f49231b7aa0397df5a0936d9387cceb88c8e54bc661db0ea7dda61dd10e9cf87,54e54e9ac473ef9dfd34006b0b7c96abe1183e42b980a6d65da708f07adc40f1,tfidf_1nn,TimFarrand,1.0847830977913608,C50train/TimFarrand/175500newsML.txt
TimFarrand,394805newsML.txt,C50test/TimFarrand/394805newsML.txt,official_test,8d789c2b080c218392ac30649ca093dfaaa83d8ec32c78beda93ea9b5bf31653,e2ce51ea42cf4498cba4cc6fdc14a4c64921aa5aea85f1ed6019bc7422bb7bb8,tfidf_1nn,TimFarrand,1.0921052350503004,C50train/TimFarrand/160644newsML.txt
TimFarrand,394806newsML.txt,C50test/TimFarrand/394806newsML.txt,official_test,6ff8e1ddba7fb67d9bcdbf4e41ab915e7ec91d2eed120b7e29ef54c3b4b01954,f3f0a4b223b38f6824f3fe2ad1dbe0fdb62aa034ea70d3d8723e13fd561bba09,tfidf_1nn,TimFarrand,0.9781653306091476,C50train/TimFarrand/167803newsML.txt
TimFarrand,406917newsML.txt,C50test/TimFarrand/406917newsML.txt,official_test,6db53412c0a48ed35f23522e4b346d71fad293a88da1fef2ceae67fe148da688,a6c8a092d2bef2004e6142d4f55b3f36072bdfc27476ef6d7977fb6a7a7d84d6,tfidf_1nn,TimFarrand,1.1434185686916636,C50train/TimFarrand/159531newsML.txt
TimFarrand,408132newsML.txt,C50test/TimFarrand/408132newsML.txt,official_test,e2244bdb2026559d91af1ef4c8fc249fc6c62a1b6754ac67ba374a27c3ae3cab,c4ab98bc67b40f3c890ba29fe8a948a58a860e8e11ffb0d5c558b3268b1b3e8b,tfidf_1nn,TimFarrand,1.2200552337092494,C50train/TimFarrand/175500newsML.txt
TimFarrand,408804newsML.txt,C50test/TimFarrand/408804newsML.txt,official_test,14e28a897d8536a2ca19c65318c0e5ddbbdcb2fe13890282960208f5a5d32c70,fb751530c293653b37bdc83fb3fbe3b5ada8dcc79761ae70f0f5a64c093592b3,tfidf_1nn,WilliamKazer,1.312358620842302,C50train/WilliamKazer/126643newsML.txt
TimFarrand,417103newsML.txt,C50test/TimFarrand/417103newsML.txt,official_test,00ccdee69a68a99d4ba2b13efcf5159605c5ba8a5f08ff6acbf5c9eacbdfd41d,17252113ec30bad600801ded5e9b31d9a491ffbfe72635dd22a8478d8de958e3,tfidf_1nn,TimFarrand,1.28679583077362,C50train/TimFarrand/127403newsML.txt
TimFarrand,420491newsML.txt,C50test/TimFarrand/420491newsML.txt,official_test,5bd081a2399e1e4fd9b412267f5f43b6ea61316684acd0f643e32f88dfa7429f,644beb468544dbe057c97acffc7455453f0dc3403cd4e70a4723e33d09f3b1b4,tfidf_1nn,TimFarrand,1.0829730231287968,C50train/TimFarrand/152851newsML.txt
TimFarrand,420497newsML.txt,C50test/TimFarrand/420497newsML.txt,official_test,b9d01c638fb2c1d756fa7bd5a0983e3c1179163de65c3a27e48f416e33863774,19ccc088a5fdb2fc844d8ea6ea2faa620d436b4e5352a5bd9fa506de4cfc9e25,tfidf_1nn,TimFarrand,0.9371918666535131,C50train/TimFarrand/152851newsML.txt
TimFarrand,421639newsML.txt,C50test/TimFarrand/421639newsML.txt,official_test,840b23696ba63e637d2c7c21806aa1ef681c0be42114b0374f21acf6e2e55bed,d063f5a00a655e824b1f38eff2b16e5aab565c9f41d5ba775ef49d7b48b6c086,tfidf_1nn,TimFarrand,0.8794423778233844,C50train/TimFarrand/152851newsML.txt
TimFarrand,422052newsML.txt,C50test/TimFarrand/422052newsML.txt,official_test,4194011a29294717ba9ca813b30c55e40d3713d08bc7c172dad08d58cf675af0,55ea2b42d5110a23f9b47e8bd9572144a59627d5c8fc1c74a9d9dec665e99321,tfidf_1nn,TimFarrand,0.8794423778233844,C50train/TimFarrand/152851newsML.txt
TimFarrand,422134newsML.txt,C50test/TimFarrand/422134newsML.txt,official_test,b61d079cb4f4260bb7aa7eacb28a5d0f9b506316e2768e9310db34c5e91fa478,56a2cc6636c00c1f9a3fad82ec317771e9e4c777af34158de02f7d65e1d5052a,tfidf_1nn,TimFarrand,0.8052493093514949,C50train/TimFarrand/229685newsML.txt
TimFarrand,424443newsML.txt,C50test/TimFarrand/424443newsML.txt,official_test,52f44ace93da136c2db0c41dbab320f7bd57d437c9836378ef978d83b4e21446,aec93ff651f7f6fc3c885de5e68667c954fce92985efc1ebb12015c4735b22b2,tfidf_1nn,TimFarrand,1.0269933622916694,C50train/TimFarrand/175500newsML.txt
TimFarrand,424512newsML.txt,C50test/TimFarrand/424512newsML.txt,official_test,d3395a7089e88ee66f0cca186151b443461ed9b8b42376e4485b3c242d8646b3,78304b49544bbdd2558a324fbc2be6c786a056f65c38eb5797a015be2d3cb6e5,tfidf_1nn,TimFarrand,1.027136342016653,C50train/TimFarrand/175500newsML.txt
TimFarrand,425010newsML.txt,C50test/TimFarrand/425010newsML.txt,official_test,2fd7c2699fb656f1f09ebb0716f8cc44417f6ff98d6e221074547b831d137f04,35dbb6a7ad8811dbfded12f584efa087355211d41f62934106b8410dc21b3151,tfidf_1nn,TimFarrand,1.135011753682783,C50train/TimFarrand/240674newsML.txt
TimFarrand,427280newsML.txt,C50test/TimFarrand/427280newsML.txt,official_test,c8db776bb174c8f24ed2e2d13ef3d32d901f05c226274a1794f6e0a5bc4834bb,51f9a59f7408f0e2d1ffb0015521ec856e2a6392ecf5733ff6d985db8830ae0c,tfidf_1nn,TimFarrand,1.094262121244808,C50train/TimFarrand/177684newsML.txt
TimFarrand,438886newsML.txt,C50test/TimFarrand/438886newsML.txt,official_test,f8e0137b3874c10425a862c261693814aa9e96d7db6446ce9ba62e1f52e317ea,bfe5ed92cd3b7c15571fbef65b355d5ba7417f646be666089ab5542062280b66,tfidf_1nn,TimFarrand,1.0803070979419898,C50train/TimFarrand/236371newsML.txt
TimFarrand,438888newsML.txt,C50test/TimFarrand/438888newsML.txt,official_test,0d7791f252e51e892aa89968fd36211ac36f23d7af1fb1dc97da87b0a17433d6,43510ae966eaf0ca25cb3cd60b5908ad5d13fef039f54bb1c4394d1f62e0d308,tfidf_1nn,TimFarrand,1.1918282603917474,C50train/TimFarrand/236371newsML.txt
TimFarrand,440541newsML.txt,C50test/TimFarrand/440541newsML.txt,official_test,1d4666504f24ee7527fe3defe1203c42a5ecad68c102a54c98f6c3249f0519f4,eb2102437b5ac4bb5d9a01633a211d02cdfe1bd2a9f9bf624c82bf8bf57b2c47,tfidf_1nn,TimFarrand,1.036193130988322,C50train/TimFarrand/177684newsML.txt
PatriciaCommins,2911newsML.txt,C50test/PatriciaCommins/2911newsML.txt,official_test,79d3e436239be1c0014880d2f9081a16abb36ab7254bdeadb491c2f782591d88,ab908649e2e0800e5671cf9cde502bf6db7f850826c9b995e1b0f44c36afa30d,tfidf_1nn,PatriciaCommins,0.4064665036345839,C50train/PatriciaCommins/2296newsML.txt
PatriciaCommins,293689newsML.txt,C50test/PatriciaCommins/293689newsML.txt,official_test,28497fa739c731b1d46d164f20735b40d887136927e299ca8585dee7dcf8352b,fe2361d8f6900408c7a59bf07cdae579a59447ed57052c8d1b5fe9eb1917934c,tfidf_1nn,PatriciaCommins,0.5920141560448093,C50train/PatriciaCommins/291177newsML.txt
PatriciaCommins,294155newsML.txt,C50test/PatriciaCommins/294155newsML.txt,official_test,0f375df6170b2eec0b9262058102aa009acdbe2e249fe2aeed656372e80a6052,bd2ab60eea99975369329b10d23b684def83b1d2afde6d4f26b5546b879bb2a6,tfidf_1nn,PatriciaCommins,0.5920141560448093,C50train/PatriciaCommins/291177newsML.txt
PatriciaCommins,29747newsML.txt,C50test/PatriciaCommins/29747newsML.txt,official_test,a0a448f65555246c88f53598de898b0573214c88a41169c3806410f5df05be09,1adafbcca5f6c94283b322cc31a899ff3c9083da38f96b0452a6a9ead982e15d,tfidf_1nn,PatriciaCommins,0.9291057294600211,C50train/PatriciaCommins/143765newsML.txt
PatriciaCommins,302920newsML.txt,C50test/PatriciaCommins/302920newsML.txt,official_test,5d38309c1cef2e7b7a3f7e0cdea7a5d42d7c6f791dca7ebec5872d98d23eaf05,f636567130d43ab8c49650da537c71965e3ab51eb129eb2cdacd2fcf6309dd1d,tfidf_1nn,PatriciaCommins,0.6649080601293179,C50train/PatriciaCommins/231178newsML.txt
PatriciaCommins,303107newsML.txt,C50test/PatriciaCommins/303107newsML.txt,official_test,9a78f83651cbdbdd58df8a4a52027121c01dce57d4aa0c303ebde75661a73c5e,32cb367da0f6cfdff7dbcfa3c9d806730e8463661413e598a06e767777d0dd2e,tfidf_1nn,PatriciaCommins,1.1040849799173857,C50train/PatriciaCommins/288774newsML.txt
PatriciaCommins,303415newsML.txt,C50test/PatriciaCommins/303415newsML.txt,official_test,a67f7344c9c75ffe6b93d6b07204ea777491d4bf57f9fd85bfcd1c2d30a23f96,533f926482d11c3147ba97034f8b8ce95570ce375c974e685885aa48a10e8ca9,tfidf_1nn,PatriciaCommins,0.6641760666749955,C50train/PatriciaCommins/231178newsML.txt
PatriciaCommins,314014newsML.txt,C50test/PatriciaCommins/314014newsML.txt,official_test,9871203499dd4e9a4c6a87b7778a079b06d0b69b9dd3d53d2485fb77bff66818,f68e4bf2b282baabe450a0f656465679f4d6a20d1620750da9caeda109808fd4,tfidf_1nn,TimFarrand,1.0576388950034892,C50train/TimFarrand/173770newsML.txt
PatriciaCommins,32110newsML.txt,C50test/PatriciaCommins/32110newsML.txt,official_test,10cf4e9efd13b58c6d4a458000de382719d8713d151035d4be2e855562b701b6,b961bd0877011015ae98d44b40df8c0e94f2a82200c90caf4649edba833f38e0,tfidf_1nn,PatriciaCommins,0.6500863324780237,C50train/PatriciaCommins/178089newsML.txt
PatriciaCommins,331817newsML.txt,C50test/PatriciaCommins/331817newsML.txt,official_test,22027d065c0072890e115ea8513b1c9c68a7d00406906b0c1f78165f68dfb670,296ff8dcce1c1dd94c1f8572f9ab827af43a20fa32ef5db0a5556e84a650eaff,tfidf_1nn,PatriciaCommins,0.7587691484731254,C50train/PatriciaCommins/126714newsML.txt
PatriciaCommins,334989newsML.txt,C50test/PatriciaCommins/334989newsML.txt,official_test,3f695ede20ec9036763c8a89ea313b67e2efbd38af83b7f786b861d2ef744e38,a06bbcfedb3827d1505b62ea3223eac774af9a972e6ad6ff1c0414caadb2652e,tfidf_1nn,PatriciaCommins,0.621161902787013,C50train/PatriciaCommins/255733newsML.txt
PatriciaCommins,335312newsML.txt,C50test/PatriciaCommins/335312newsML.txt,official_test,35e60ddbf9826a4a3d810244b828663ce3cb2e4a74e5e3383409b039a102c1f5,10a7cbe2a669d52d9755380c1d089c1f6bb19812e7018e9003adf41d754cb05d,tfidf_1nn,PatriciaCommins,0.5928177729370443,C50train/PatriciaCommins/255134newsML.txt
PatriciaCommins,33704newsML.txt,C50test/PatriciaCommins/33704newsML.txt,official_test,adc979458440e08b881ad63817cdc3d1224b11e7cb8f459550adbdde95d2e245,c6f2c9f2e57d03e301a348687eecef921c31525d55b2acd09763dfc94f6e837a,tfidf_1nn,PatriciaCommins,0.6554246216398101,C50train/PatriciaCommins/178089newsML.txt
PatriciaCommins,343984newsML.txt,C50test/PatriciaCommins/343984newsML.txt,official_test,592c08fda292161f036aa3fa4d2e8f70d5e4a59f1d8e291a02a4aef54f0b1997,e3f5e3bf153dbdbf1cd7a45ecc9a1de39db11e664e78f17ecc70f5fc518ea6ac,tfidf_1nn,PatriciaCommins,0.9305736065578647,C50train/PatriciaCommins/217368newsML.txt
PatriciaCommins,347178newsML.txt,C50test/PatriciaCommins/347178newsML.txt,official_test,79b3dd7289fac6a3969ecadc7395abd03dc4d73cd9289d796583e2804fc69caa,4a871823992be946080b3bda91b8c956f5da60d4ac62078befe11c7ddf61defc,tfidf_1nn,PatriciaCommins,0.6267368615721975,C50train/PatriciaCommins/143591newsML.txt
PatriciaCommins,35005newsML.txt,C50test/PatriciaCommins/35005newsML.txt,official_test,40457939763088d8322d2d937ad1322e839d32c58a3d8a0c5dffb56a304334ac,1cc0228bd5a39823bb04f09122cae6aaf6b54d1760ac2952023e624270d215d6,tfidf_1nn,PatriciaCommins,0.6559238558904994,C50train/PatriciaCommins/178089newsML.txt
PatriciaCommins,350167newsML.txt,C50test/PatriciaCommins/350167newsML.txt,official_test,91b3b959d50ed2ef24b1ec75bd38f870bf92b4db6020007ffbf500f61e6e9cca,0e5ca46d7b2a8812549baee3f75eb2b7282d5fb846deacc3d0b1f9f38ee44743,tfidf_1nn,TimFarrand,1.184897360098063,C50train/TimFarrand/173770newsML.txt
PatriciaCommins,351736newsML.txt,C50test/PatriciaCommins/351736newsML.txt,official_test,e665b69400733c398fe3f5b98e7090426f8eefae0e740d9fc91fa1ef48b2932c,ef1770ea364d25117e6674c8a744f8a5e1b10de908ffca0276680b6b308f80c0,tfidf_1nn,TimFarrand,1.1862086406000956,C50train/TimFarrand/173770newsML.txt
PatriciaCommins,357162newsML.txt,C50test/PatriciaCommins/357162newsML.txt,official_test,6514d43914cba3ba9f8328214de8b3da5c83e0204b6f647cee6f202ecb80b415,202941235be185d0910a075c20919740c6a2dc0de017eaa834f56b379331d207,tfidf_1nn,PatriciaCommins,1.1257604310658802,C50train/PatriciaCommins/108443newsML.txt
PatriciaCommins,357273newsML.txt,C50test/PatriciaCommins/357273newsML.txt,official_test,cfeed653cb0999125b5728ff8a03d9782dca391e308946ef6c31ae4918635141,169a90245b6dc9f52960f60fcf1e4dd38f4f997170b9ddfffdf6702cf11c5d25,tfidf_1nn,PatriciaCommins,1.1169339891554624,C50train/PatriciaCommins/217368newsML.txt
PatriciaCommins,360832newsML.txt,C50test/PatriciaCommins/360832newsML.txt,official_test,7dfa197b885f3f0e690f2faac383888389b645a721add1390b3653da24a02eed,6ac55eb2a1f057d201e276acf745c403cf769243dff4c2db3b47e3ec07847850,tfidf_1nn,PatriciaCommins,0.6763762471381132,C50train/PatriciaCommins/140446newsML.txt
PatriciaCommins,363833newsML.txt,C50test/PatriciaCommins/363833newsML.txt,official_test,e8644eac1b5e8b8dbaf2a39e58f52c1a6f1b1843ba03d296f7149a62fd353121,12d529203aec7db63f6afd63da5928bb9aec803b48dad5f875343e96efd22cba,tfidf_1nn,PatriciaCommins,0.6763762471381132,C50train/PatriciaCommins/140446newsML.txt
PatriciaCommins,384813newsML.txt,C50test/PatriciaCommins/384813newsML.txt,official_test,ea6496dd9a9c64fec93238b675f605ae35dc8fc8f34f741ec775a4f6a55e8e23,7ff446fe2c3182f1ef003d143b84e27fc59dbf51072d57060c99c64a508f981e,tfidf_1nn,TimFarrand,0.9891856963771792,C50train/TimFarrand/210560newsML.txt
PatriciaCommins,384968newsML.txt,C50test/PatriciaCommins/384968newsML.txt,official_test,d28dcb0b989597d767403e841f2f1ea6bcaff347cf2ad4932c9632d62213d1fd,b1c26110955932c3cd3b7cc3cf9470530b62c837d1c5e94768e36d07eee2134c,tfidf_1nn,TimFarrand,1.1986150325238927,C50train/TimFarrand/201017newsML.txt
PatriciaCommins,384992newsML.txt,C50test/PatriciaCommins/384992newsML.txt,official_test,4a4e8197fc3ea7ff668a18387db85e923a572ebbfe5615ec108a547e9632902c,de2877ba7e1fb0f5f73a689c9a69339787747ca6f83352900480912cf2e71ac6,tfidf_1nn,TimFarrand,1.1771647254462316,C50train/TimFarrand/204606newsML.txt
PatriciaCommins,386926newsML.txt,C50test/PatriciaCommins/386926newsML.txt,official_test,f4b23acd246cfbea5263ec7f70c90c1bf1e5c358d7a32774d2a7f5716fabd517,a8342ec1f0144288005844e731dfdb583d73623f08b148cab06fe63b90fa23ed,tfidf_1nn,PatriciaCommins,1.0953694336642286,C50train/PatriciaCommins/142736newsML.txt
PatriciaCommins,386989newsML.txt,C50test/PatriciaCommins/386989newsML.txt,official_test,d5159c84d56b7a05d0d3906cf9bb2adde289f6c261ed24ab4345fcf06101f9ad,85e9f2eacb8416061db035d37980ee9c8b1955839fd6f58d5df0f962eccc0345,tfidf_1nn,PatriciaCommins,1.0950347109850733,C50train/PatriciaCommins/143765newsML.txt
PatriciaCommins,388290newsML.txt,C50test/PatriciaCommins/388290newsML.txt,official_test,ca818692945506034feb3c6ebb54a6a1709c529ebaf96944f024876db841be84,90296905a1086fc357448f3e0909ab4d5f09834a5b1d81e5aea5af148be9d909,tfidf_1nn,PatriciaCommins,0.8647742590849931,C50train/PatriciaCommins/143765newsML.txt
PatriciaCommins,388381newsML.txt,C50test/PatriciaCommins/388381newsML.txt,official_test,16d11ce3232bb49710621c885b7e1805423ca243c9d6ffcaa6ef621192051905,4f23040c3ef0ed860cae0fabd7abde4fa809a2711e567049c943a548912090d4,tfidf_1nn,PatriciaCommins,1.1937090792822922,C50train/PatriciaCommins/142736newsML.txt
PatriciaCommins,388386newsML.txt,C50test/PatriciaCommins/388386newsML.txt,official_test,08819bfcbff08056cff7b3c09fde14d3aca24d1a6990cf785444c4bee83a086e,97bab4ae36dbbef2a0e653c2800313c6b784331c4eb7d8ca9e0d095c8bf2ad1c,tfidf_1nn,TimFarrand,1.1957716868470416,C50train/TimFarrand/220857newsML.txt
PatriciaCommins,390115newsML.txt,C50test/PatriciaCommins/390115newsML.txt,official_test,9fbb1dd4dc3024982d3c61f90f537d39322cbcc1feb8312943f0c235c9cc8336,339ab48de9ffa0475c28c0e0dcdc5f82a6a4de9efae16a53a78748c3f0030b03,tfidf_1nn,PatriciaCommins,1.1084882399852245,C50train/PatriciaCommins/102793newsML.txt
PatriciaCommins,391260newsML.txt,C50test/PatriciaCommins/391260newsML.txt,official_test,0d41dca8a1120bd95603ba58026ae30ec7c1b397afa793ce0ff9b046f7855fc1,fd0c2fbc8397a8db801c74e51148673e1e4dbc8ed57294614519036b28e2ced5,tfidf_1nn,PatriciaCommins,1.2271099961720193,C50train/PatriciaCommins/142736newsML.txt
PatriciaCommins,391445newsML.txt,C50test/PatriciaCommins/391445newsML.txt,official_test,b6579db4c54a0f039ec8d4cf19389ac2b742b3aacd7ddc8532fb1197b96ecdd8,2a6080cba6fab420ac3edf37742b75f244b1c3ad15e1d0241692f404f8ed43d4,tfidf_1nn,PatriciaCommins,0.8085915025288742,C50train/PatriciaCommins/140446newsML.txt
PatriciaCommins,391498newsML.txt,C50test/PatriciaCommins/391498newsML.txt,official_test,3fbc15fe8c446d4768d350185859d8b028f27e3c693bf7e30dc01c6e0529db48,57b360ef4705053344a7f0da735cb18070e4e54b953222064956714b63673063,tfidf_1nn,PatriciaCommins,1.068031807734219,C50train/PatriciaCommins/143765newsML.txt
PatriciaCommins,397964newsML.txt,C50test/PatriciaCommins/397964newsML.txt,official_test,d22a5e4b25ff3b0974d43e9672c6d95ce62b4779478ef3158adcdb0e7b25fa7c,26320e04f24659975dd971a16e181f1d371c6a1fbc3fa80796253eaff901a8b4,tfidf_1nn,PatriciaCommins,1.0704152379631269,C50train/PatriciaCommins/258801newsML.txt
PatriciaCommins,398230newsML.txt,C50test/PatriciaCommins/398230newsML.txt,official_test,8f14f7f56b486bf290937f36335167a37717434ea6a77c6034f94d96502fdfa7,bab52fa897d903650479e273e8890217e83728e17bd67e84736fa2b2ca5caf7c,tfidf_1nn,PatriciaCommins,1.2011704426167185,C50train/PatriciaCommins/258801newsML.txt
PatriciaCommins,404398newsML.txt,C50test/PatriciaCommins/404398newsML.txt,official_test,76f892a15d6ac1a80af49c1d1394ed6f570e8a7c0e8e64b7ab541360e5a112c5,862cd89aeaf6398f0022c9c32404015074b2c75b3dbeecc7460e788c52259735,tfidf_1nn,PatriciaCommins,0.9350100453520478,C50train/PatriciaCommins/102719newsML.txt
PatriciaCommins,404426newsML.txt,C50test/PatriciaCommins/404426newsML.txt,official_test,afcc645a3a8cb6f71b429fdb24692c1a131bdc37c0b23d6c76bc18b832f776e5,b9b13b164a484f124ed7d2c70b6504ab3b5e3d442680c8664d1b4d3402794518,tfidf_1nn,TimFarrand,1.155997974480302,C50train/TimFarrand/220852newsML.txt
PatriciaCommins,404982newsML.txt,C50test/PatriciaCommins/404982newsML.txt,official_test,4973660501f67aa698aec4330511206f7cbd7a1fe99dde2f9faa0da8d9e06a23,51eb8bd1eb485a326bf8e860b9af57bb0ebd27489420bb89963a740dd8d38175,tfidf_1nn,PatriciaCommins,0.920413457849662,C50train/PatriciaCommins/102719newsML.txt
PatriciaCommins,404985newsML.txt,C50test/PatriciaCommins/404985newsML.txt,official_test,32d703ccfe9de1ca5fba53893f2c9f8c0c90db0c20e7d3fa66a172338cb802a4,a10e0a522481a1d9567b336c86df61320d44e7814492cb1c436ec187cf864a9e,tfidf_1nn,PatriciaCommins,0.9304801656765308,C50train/PatriciaCommins/102719newsML.txt
PatriciaCommins,407636newsML.txt,C50test/PatriciaCommins/407636newsML.txt,official_test,f25375e105d62fa15dae6cd7faeacfeeb7000293ff52aea2a5484c40707541ae,6486a193bd00097e7d8013b568953f1fd33d792c96229c5b6329f03d25fe90cf,tfidf_1nn,PatriciaCommins,0.9089887374832301,C50train/PatriciaCommins/102719newsML.txt
PatriciaCommins,413779newsML.txt,C50test/PatriciaCommins/413779newsML.txt,official_test,812593c5a74cfc841cf44e3301c70a80c104a84f899e7d1704f9af69146b7d72,6d9e2c3dd921152c478cc172d8a4019105ddab8093ed646a4eb8931cee194980,tfidf_1nn,PatriciaCommins,1.1489579745429774,C50train/PatriciaCommins/205566newsML.txt
PatriciaCommins,415401newsML.txt,C50test/PatriciaCommins/415401newsML.txt,official_test,cb8af09c098bc288fc135a939ecbf82a6efc49b55c01698a6e0580038b912045,7a76381ae833eba6fdff3bf3ccb37bd74a43f131d8313ed3306ba5deebf88395,tfidf_1nn,PatriciaCommins,1.1503636974845854,C50train/PatriciaCommins/205566newsML.txt
PatriciaCommins,429308newsML.txt,C50test/PatriciaCommins/429308newsML.txt,official_test,dc2219ca5238d937d45a1ccfd7429441e7e9499632460bfa33208ed24cad8c2a,7e2880972cc49dda5216de1be48413413b79c6fe97d6b33a056ec15f2f365300,tfidf_1nn,TimFarrand,1.1676473444606448,C50train/TimFarrand/173850newsML.txt
PatriciaCommins,43225newsML.txt,C50test/PatriciaCommins/43225newsML.txt,official_test,1b4e2955a7b2597a160a132a4118028f5b4d73169705e8d23811cf15f2d08443,d0539cdb8e7e269070d44fcfc6314aaab95152c3c4676692e26b61eb510461a4,tfidf_1nn,PatriciaCommins,1.1907743957913663,C50train/PatriciaCommins/205566newsML.txt
PatriciaCommins,433550newsML.txt,C50test/PatriciaCommins/433550newsML.txt,official_test,c4088fecdff0f4032b5239cda38901e71579dd5c8bc6c9bd997f805d90054e09,c4c5dc9636c100c223c44e6339838a232838b6a447597a2c361724cbbcb80d81,tfidf_1nn,PatriciaCommins,0.7759815243375191,C50train/PatriciaCommins/178068newsML.txt
PatriciaCommins,436695newsML.txt,C50test/PatriciaCommins/436695newsML.txt,official_test,8b533cc0f5c3ab23f9b93968e61e42c9bd8c3cea41dd916d87f6b09f30ab3369,2c7941bf48d82b3be1f8ce4b214cb1add32789b852abbf144a6abeee5973a4a7,tfidf_1nn,PatriciaCommins,0.9464680573809526,C50train/PatriciaCommins/143591newsML.txt
PatriciaCommins,450332newsML.txt,C50test/PatriciaCommins/450332newsML.txt,official_test,2b04c008bcd48b2b68b2b22db3ea804bd647d64f6c0419f3df36b06ca1f9fa5b,eb7a5ff65bb651f1ceb3c6f464977bb45f48c2c876d657f9036d840d5aea3866,tfidf_1nn,TimFarrand,1.198842789971932,C50train/TimFarrand/201017newsML.txt
PatriciaCommins,456459newsML.txt,C50test/PatriciaCommins/456459newsML.txt,official_test,cc6c85a3772aef6e52153bc8abbb8d115dcf832c44e12065603d718fed44d3cd,c1b65fa90c7b88e048b9c59e17a6c65502b1fd9d1ff88f106217b4b3edae1d84,tfidf_1nn,PatriciaCommins,1.0387083998097748,C50train/PatriciaCommins/102793newsML.txt
PatriciaCommins,466395newsML.txt,C50test/PatriciaCommins/466395newsML.txt,official_test,d3e07145e3bc13df84730b7e80a1489bffe8fdc90ec509a362a9d3533792acbd,256b042ff2cc5a24df017502fb18934730e95968fe4ae8620384089226cbbe46,tfidf_1nn,PatriciaCommins,0.9895100778809868,C50train/PatriciaCommins/18217newsML.txt
WilliamKazer,305704newsML.txt,C50test/WilliamKazer/305704newsML.txt,official_test,71308d534380519c800ccd17a59b9df9bf6309b67a528b5c4fb081138740acd5,1a35d5cf630519577dea0bd398d18cf114e7e882ebbfc5260458600b346ee3f7,style_1nn,WilliamKazer,5.578474439106298,C50train/WilliamKazer/268647newsML.txt
WilliamKazer,316238newsML.txt,C50test/WilliamKazer/316238newsML.txt,official_test,960ae6960870252ca310729eb10e16bc41b1f521eb87450cceddf0337a0f6fcc,6e3b5f4c13c9b4071314a6b8cfa1035ccd631db61fe5d5a7f4be25fdeed9d703,style_1nn,WilliamKazer,3.827409136837415,C50train/WilliamKazer/169626newsML.txt
WilliamKazer,320093newsML.txt,C50test/WilliamKazer/320093newsML.txt,official_test,f6d4725ac7e3ec1964bf97df48d1226230d50c0e48573e012ee3c597f5e65175,2709974451e2671bfac4ba9fc55da0082d368db2218c7131f0c92849a5998bd9,style_1nn,WilliamKazer,3.3884615669058906,C50train/WilliamKazer/282935newsML.txt
WilliamKazer,323030newsML.txt,C50test/WilliamKazer/323030newsML.txt,official_test,0f9a6432fd0efc343120d622c09a07a1b897338fd6cc6f91728647f53f2df236,261540838810d10c5f506fee20b3c0b715fdd5f03782c721e483668d38ce667f,style_1nn,WilliamKazer,3.1050897055972313,C50train/WilliamKazer/214207newsML.txt
WilliamKazer,323194newsML.txt,C50test/WilliamKazer/323194newsML.txt,official_test,98b31cfb46588c6f147ce2562be08e1b1e90f7990801101f46500ee0eedad8ba,e81bd1350e81b1b7bf73dd225ca351fb56392d2994d785c0138fa4db4f2752ce,style_1nn,TimFarrand,3.9348559395605327,C50train/TimFarrand/238095newsML.txt
WilliamKazer,326930newsML.txt,C50test/WilliamKazer/326930newsML.txt,official_test,880a8b74822555fb32b825452cd72c32978a94a9a93dace5e0fef34ca0284b94,c98a07330b65c014024de2add23bd59ccf73579db125bac3079d4096b51741e2,style_1nn,WilliamKazer,3.740142854382716,C50train/WilliamKazer/214207newsML.txt
WilliamKazer,345482newsML.txt,C50test/WilliamKazer/345482newsML.txt,official_test,0d07d8c741d89e38dad77c4daec278a482429e4d92339d74656ff188609eb58f,aea20c73ee9a70087cde672bcb425d6dfd5897287a554237c810e03fefa7b09a,style_1nn,TimFarrand,4.233500692428782,C50train/TimFarrand/242910newsML.txt
WilliamKazer,352827newsML.txt,C50test/WilliamKazer/352827newsML.txt,official_test,7b3e088ec63c9f08baa78bd280715b162bd060e853562c84f444139bb2f2785e,bff53538fb0879fcc19aca91ac8692b4df44e650f499de8c558fae8dc4f4737d,style_1nn,WilliamKazer,3.9348743027542974,C50train/WilliamKazer/258689newsML.txt
WilliamKazer,391142newsML.txt,C50test/WilliamKazer/391142newsML.txt,official_test,b647b8384f7a6523840a91ad8361c59077b66ad547284676f2674963c9a50244,b6c99daddbf73a280a7824e52ffaf580b04bdcfba8280335f7b41b398efc79da,style_1nn,WilliamKazer,7.798918033490549,C50train/WilliamKazer/247909newsML.txt
WilliamKazer,395504newsML.txt,C50test/WilliamKazer/395504newsML.txt,official_test,f27719c19ee09dd6d837dfe86dee12ffa8b9293d8aa6990673ccfdda9a9600b2,45b199a91b8966b8396a0e913c13cace160d08e43b9e838cf5d99c7ad88909d1,style_1nn,TimFarrand,3.3059520266817173,C50train/TimFarrand/202017newsML.txt
WilliamKazer,395790newsML.txt,C50test/WilliamKazer/395790newsML.txt,official_test,570f9ce391c36dbd493a2d7fb272749d55bdb7b1b2f004779e507615e87657dc,ba98ceca8b967dc982370faf62bcfd3d1c3db6aa3ce5e0068a2895141c2bd135,style_1nn,TimFarrand,3.156575776905664,C50train/TimFarrand/242910newsML.txt
WilliamKazer,396207newsML.txt,C50test/WilliamKazer/396207newsML.txt,official_test,9f751a9a2b1d636538ae9760ee935cc0fab4a8dbd60651671a90fc1f4b75a4cc,d3107cfa1bec2a8acb3e825801133f78cd26eb844435cc6f853219c1fb13c7b0,style_1nn,TimFarrand,4.7639015375784854,C50train/TimFarrand/230604newsML.txt
WilliamKazer,396728newsML.txt,C50test/WilliamKazer/396728newsML.txt,official_test,9f2d4a2bb6a403301cab8b2f50718301e8f65739e09bbc4389f28cdec9457a21,c5ffc5c56125f97bbd00b9fca4614fbfab4c9baa6bdff4b0202e8b7fc3b02e1b,style_1nn,WilliamKazer,3.4539611421766154,C50train/WilliamKazer/209813newsML.txt
WilliamKazer,401033newsML.txt,C50test/WilliamKazer/401033newsML.txt,official_test,68c28a26c8eaa87c57bea1887eb4496c049e1e66600bfb20697517b6aa7b08b0,f7d4967d15da27f44c7a64e60f07dc8441f6e260f1620005f3950a1fccec9b49,style_1nn,WilliamKazer,8.398596479513614,C50train/WilliamKazer/247909newsML.txt
WilliamKazer,402543newsML.txt,C50test/WilliamKazer/402543newsML.txt,official_test,9e050ecd34425de4c6dd0679e03d6ba3e7f674b8a48c900df3ce0b96004d4bb5,8f88c0340cdc91efd71fb060eb00c5f48012ac423d439e7e25d1e27e1563191e,style_1nn,WilliamKazer,3.994758872945149,C50train/WilliamKazer/282935newsML.txt
WilliamKazer,405326newsML.txt,C50test/WilliamKazer/405326newsML.txt,official_test,4a452de2b351d110b88b76454da6f0d2b899e4538f982d1594b0b4091c93facc,0cdc7b72b66fcdf0f7a7b3d90eec4727e95590a607bb1d755f5b874f940d8484,style_1nn,TimFarrand,4.6730786694497946,C50train/TimFarrand/173770newsML.txt
WilliamKazer,412098newsML.txt,C50test/WilliamKazer/412098newsML.txt,official_test,ea0fe6f60e8e2fa44fe16ceb4f334d83abe35a9698560c540539f22d05425d07,7320b4129c09b513e2dadf2e2f716b169a9f5527359bdcf0c89d3f642f7c33f9,style_1nn,WilliamKazer,3.291293796096468,C50train/WilliamKazer/209813newsML.txt
WilliamKazer,416243newsML.txt,C50test/WilliamKazer/416243newsML.txt,official_test,6bb3703646ae71f3a6b4d5c7f54e9c7872bfc483da9985b0fc966ff411d21c25,40a15d8e9a396138483203acc8da520b83e6092c78324da0c0e735fcb66b0420,style_1nn,WilliamKazer,4.038571329912477,C50train/WilliamKazer/28223newsML.txt
WilliamKazer,417666newsML.txt,C50test/WilliamKazer/417666newsML.txt,official_test,e39c2888892485591fdf421784fc1e4bf1a418d5ed791621e1575cedfc725f97,564f7b1f3fff5a5b4506f66a64b22616332ab4480fdbe9d8d1a1004ce4d9f3f4,style_1nn,WilliamKazer,4.79063419474245,C50train/WilliamKazer/126643newsML.txt
WilliamKazer,425219newsML.txt,C50test/WilliamKazer/425219newsML.txt,official_test,f5334bcc520d1055e65372770420e9c34992b31ed42cef0838d0884829d52ccf,635db7f2c1251dbeab2feab486b95f2daed50c6a7abdfa4a4854275e17241e0a,style_1nn,WilliamKazer,4.488623607331606,C50train/WilliamKazer/206559newsML.txt
WilliamKazer,426551newsML.txt,C50test/WilliamKazer/426551newsML.txt,official_test,df900f3ac2d10784a32658486da858355c1817c44da5b7b45d04bb02b22571a2,d11d4606334663816147e3b6d8a393653ad38ddeed09193603f4e61743f7f250,style_1nn,WilliamKazer,2.7010218918072386,C50train/WilliamKazer/178505newsML.txt
WilliamKazer,429173newsML.txt,C50test/WilliamKazer/429173newsML.txt,official_test,e7f27831c52164a84f8aece0bc254f722efc5b7b4a1922b98fd0b020fc9dfae3,fcc03a0f077b462fbdec99808e7ef3c0108abcdeb5b3017f86b02a646a27323c,style_1nn,WilliamKazer,2.863676101931272,C50train/WilliamKazer/196734newsML.txt
WilliamKazer,430302newsML.txt,C50test/WilliamKazer/430302newsML.txt,official_test,1b06f794157b470c6c001e5c9350f6cd431f51fbf3c2f3c9d91fd93eaf80b1f4,fe37bdfec1a26d641a62cefa3b9cbfd9a214b47a94bef31a3b8c043fad4098f1,style_1nn,WilliamKazer,3.377701503093942,C50train/WilliamKazer/258689newsML.txt
WilliamKazer,436341newsML.txt,C50test/WilliamKazer/436341newsML.txt,official_test,61f7926a4551174fff4610ca087c50977b16d429361542d3c7db19159b940879,b9be1ed40ff444165c8b99499af80d37932d97d9cbc6190b2679cd9abb0814a4,style_1nn,TimFarrand,3.5473195788766505,C50train/TimFarrand/143038newsML.txt
WilliamKazer,444197newsML.txt,C50test/WilliamKazer/444197newsML.txt,official_test,1210f28c6267c82a7406ac6f30f2acb926f9898d3993728f9ebef8a5afbddae4,fd8487cf56cc60efc683656e249b7fb4aafb6f9b4ddb53841714fa297198b685,style_1nn,TimFarrand,3.4687768652682704,C50train/TimFarrand/237957newsML.txt
WilliamKazer,444464newsML.txt,C50test/WilliamKazer/444464newsML.txt,official_test,07af85221632d0ca0dc4864235a5d788921bee0b8d832166791ad94f6a1d0f2e,574d53d5ee33af2294a026e690676c2b5712adcfd15b3603a36f3bf94321589e,style_1nn,TimFarrand,5.3374412591172975,C50train/TimFarrand/127403newsML.txt
WilliamKazer,451527newsML.txt,C50test/WilliamKazer/451527newsML.txt,official_test,9f940f215d6aadd6aa6d89e00617fde96a61a6cd1c3cd2c0b47d735ce29c0d33,4643234e70fb461501367fbc82998e0cd8d1e0711e90946564dbd9a5ab9da49a,style_1nn,PatriciaCommins,4.91315310077153,C50train/PatriciaCommins/123595newsML.txt
WilliamKazer,456140newsML.txt,C50test/WilliamKazer/456140newsML.txt,official_test,e9159cdbd1b3abb19c7b3085e33329ea17ee28b7aede5202cd2659994d22a5e9,4e62249b0be6e625ba2fd744d8e5021dc7542467bdc8737689fcf4658a8519ea,style_1nn,WilliamKazer,3.7568644958220347,C50train/WilliamKazer/257526newsML.txt
WilliamKazer,460924newsML.txt,C50test/WilliamKazer/460924newsML.txt,official_test,a059269743a82f4af1b051493f18fe0c40f2395c59c47a6e811943cd5411e5f8,e69e2ed7a1592a978fca0cd238d163fc9d2e1dfa8439e6b10d4d8a59bcc5be9e,style_1nn,WilliamKazer,4.507211138818151,C50train/WilliamKazer/304402newsML.txt
WilliamKazer,462143newsML.txt,C50test/WilliamKazer/462143newsML.txt,official_test,aadc65cf7497901fb360267ca0dfc29015d30655cd4e36f281464c4912576822,6044fc97eb01bba45b74b804a9e8998de467fea75cc95777e7a45f358dbc4cb8,style_1nn,TimFarrand,3.739716156605654,C50train/TimFarrand/242910newsML.txt
WilliamKazer,462169newsML.txt,C50test/WilliamKazer/462169newsML.txt,official_test,907a620f67e492bacc2d5fe0cf68585374be259fb647b9307fceb43f370bddb5,c29be6b6e41c78ec5323a585813ac524c38d8f6cee8095fbd456b35a931c905e,style_1nn,TimFarrand,7.091019289891148,C50train/TimFarrand/159528newsML.txt
WilliamKazer,46254newsML.txt,C50test/WilliamKazer/46254newsML.txt,official_test,895560bcc6d552a14f9d1e95b7f1c9da2146ae3fb0eeaa390b215ec97a8c0ea4,cb02c6d22dd83320ca8075010973fffbeea656982595c9d13db140d9f989e9e5,style_1nn,WilliamKazer,4.5587891384558255,C50train/WilliamKazer/304402newsML.txt
WilliamKazer,463380newsML.txt,C50test/WilliamKazer/463380newsML.txt,official_test,a99018406ead17014547c22415cb65f2b77b568a8d41f348bc2c81127346a998,3f85a7f6cce68b48035569b8200912d4085a196ca53ffc884f2d545cc42e37a8,style_1nn,TimFarrand,5.750837275146717,C50train/TimFarrand/15631newsML.txt
WilliamKazer,464888newsML.txt,C50test/WilliamKazer/464888newsML.txt,official_test,94ec65185505cdd76b469a5ef647d6a2e4625e1877b965464523ee37207ca62b,2ed095e7006fd11ae86f338df7be5e58c498924147d06fc119ff7f875aa0f595,style_1nn,PatriciaCommins,3.933930576599408,C50train/PatriciaCommins/153684newsML.txt
WilliamKazer,466101newsML.txt,C50test/WilliamKazer/466101newsML.txt,official_test,9bcc0dd366bf75747d295c3863145ef7f3143c963de3ab8097d2f822de00d98b,f1504bd70b555695b3299dfe486b6db077982cceaecbac650aaf548dd2858000,style_1nn,TimFarrand,2.7978791481696224,C50train/TimFarrand/242910newsML.txt
WilliamKazer,467718newsML.txt,C50test/WilliamKazer/467718newsML.txt,official_test,889d4b10705c74dab9fdd92dd011001340ce80cceecba1a1d4b5cedc24ac8c6d,6ec2a42d935026b6800f507eacf749cd2af2237ca3440601d74a13458c1f81cd,style_1nn,TimFarrand,2.5332772981678686,C50train/TimFarrand/172132newsML.txt
WilliamKazer,467962newsML.txt,C50test/WilliamKazer/467962newsML.txt,official_test,39c3ed88f7c4007f418d15b44a3ecbbb1a59cadcbb0b3caae187af077c48941b,f137049c461299ba795e287925c710998ad3ff11331d809ed873298cd6187ab2,style_1nn,PatriciaCommins,3.9525173526031416,C50train/PatriciaCommins/270137newsML.txt
WilliamKazer,473642newsML.txt,C50test/WilliamKazer/473642newsML.txt,official_test,15db2d315c8341e7d5f65189e4dc8d087a6eac4d15c11390ed7ac5795d7e1c04,8bdbd92aee3b02901833e0ea30a8fcb2bdb06048aa7946e3a0f1220ddb212d8a,style_1nn,TimFarrand,3.3209722972631806,C50train/TimFarrand/202017newsML.txt
WilliamKazer,475305newsML.txt,C50test/WilliamKazer/475305newsML.txt,official_test,16d31a1ede6e77a50c08de998637ce19de04355b9961bf4cc8618801bb7a7d26,a7798ff022bb27de1872a7fc5d99cb92968b02978c348841f22de08ccd362f3f,style_1nn,PatriciaCommins,3.8492657546575733,C50train/PatriciaCommins/259000newsML.txt
WilliamKazer,475505newsML.txt,C50test/WilliamKazer/475505newsML.txt,official_test,feca3710fed247eeb1d67225b46748110412b5cf90c0d4fbe103e2b6c9998ded,eeac943aae566448fe8a8a8e45dffa7ba482a3c7001d14bff5ee009235dd9eba,style_1nn,PatriciaCommins,3.8492657546575733,C50train/PatriciaCommins/259000newsML.txt
WilliamKazer,476736newsML.txt,C50test/WilliamKazer/476736newsML.txt,official_test,22544d4477fb8d6979f9238134735ed3ba08136d4efe7070eef71f9973dd8144,6c685f8144f3199210461c9116bf9ebb91f08aeeede237ca620d85b5a083e7bf,style_1nn,WilliamKazer,3.431609538619412,C50train/WilliamKazer/209813newsML.txt
WilliamKazer,480381newsML.txt,C50test/WilliamKazer/480381newsML.txt,official_test,73d6db972a00084f997185b29dca776b5cd0c128d10b1981bf914ea1977d0a89,cf123b6748571f5e1929ca8dd647c956c151e6fa7c50caedcb900ff2e5a0120e,style_1nn,PatriciaCommins,3.101360191547431,C50train/PatriciaCommins/205566newsML.txt
WilliamKazer,489283newsML.txt,C50test/WilliamKazer/489283newsML.txt,official_test,ea80fc663c400058dd52997eb2625a72e16d192fb31d4eaccb19be37318e3568,e65f52d249cf06578df3f7bdc752e2979246935230440f2e2b71e8d071550b5c,style_1nn,WilliamKazer,3.3767722779201095,C50train/WilliamKazer/289747newsML.txt
WilliamKazer,491019newsML.txt,C50test/WilliamKazer/491019newsML.txt,official_test,ba33562989f63a6b16102e7e08e7ee62997da5dee63b02089a35175df355fee5,d0e8e0714df99781eadb5ac0497f07491cd19762ca7a210ae892b0850749d7c7,style_1nn,TimFarrand,3.195105932265911,C50train/TimFarrand/234885newsML.txt
WilliamKazer,49404newsML.txt,C50test/WilliamKazer/49404newsML.txt,official_test,136679275e3b84056a1181cebf416b13d874e4681e3f302bc996f3019fdab0d7,698cda645650e912ce51478b24c4785768b207f1152ed8ebc0dcdc81d43b5566,style_1nn,WilliamKazer,4.434319574172282,C50train/WilliamKazer/202888newsML.txt
WilliamKazer,504283newsML.txt,C50test/WilliamKazer/504283newsML.txt,official_test,6103bb7cd2f5104d8e533bd6b3af8c2bb1ede5e64b323b718fc14675bb7dc808,235642e5caa1b9a1e93a3d7b432e4f5110f5d44851a5fc17194e684623e05382,style_1nn,WilliamKazer,3.383146923816771,C50train/WilliamKazer/196734newsML.txt
WilliamKazer,504526newsML.txt,C50test/WilliamKazer/504526newsML.txt,official_test,c9ebd386d8a7ccfe8f31c10a0315351d2b0a7c9f77315fe0f121b32b2c90984e,a5d42fd681e4e4bdf3334fa0949771865b60745fe2599f8aaf7a9a30f99bfe60,style_1nn,WilliamKazer,3.383146923816771,C50train/WilliamKazer/196734newsML.txt
WilliamKazer,51502newsML.txt,C50test/WilliamKazer/51502newsML.txt,official_test,4e8e1d954f992ea93ac589441f07948d6af8edde80f2f2e818bec04693dbcc44,bff382c7266b92cf47eb9c323ddaa1660809fd6ba7f498d813249cd752f2ebe3,style_1nn,PatriciaCommins,4.147162105532619,C50train/PatriciaCommins/178068newsML.txt
WilliamKazer,522090newsML.txt,C50test/WilliamKazer/522090newsML.txt,official_test,7dc1a2f42e6bcf718b05b7449c59328c0ad910062af04c0a8a493fbfa31bbfff,35aafdd91e7bcbae43cc6fde755f6edc068b26061658cd32afcc6b686266a69c,style_1nn,WilliamKazer,4.209886105008581,C50train/WilliamKazer/247720newsML.txt
WilliamKazer,58312newsML.txt,C50test/WilliamKazer/58312newsML.txt,official_test,9de1364390bc82237ec7ea814234e85a0e2f622a64e418b2345f769292c787b5,451f6c76dc0aa7128527724591a7374028a6b1d808e2b30e7419ca2956f43b6c,style_1nn,WilliamKazer,11.960172107537833,C50train/WilliamKazer/143490newsML.txt
TimFarrand,244215newsML.txt,C50test/TimFarrand/244215newsML.txt,official_test,22067c7575a304ad9088969aa6379dc01a82189e1e57e5638e0f8595dbf86840,9bcf741baf10c90ab4ab94ad49b0aa7d12a227f6bce9d0daffb3c04c42ad66b6,style_1nn,TimFarrand,3.18887080555341,C50train/TimFarrand/242992newsML.txt
TimFarrand,247062newsML.txt,C50test/TimFarrand/247062newsML.txt,official_test,c490c298703134a67e2766847a1efc2e8487b239da10c25201bbe0e923071228,051ffeb4353ba3bde21de8fd9bdceea80d8623537922c7c7f8085c1552f83ed4,style_1nn,TimFarrand,6.341313410449475,C50train/TimFarrand/220938newsML.txt
TimFarrand,24919newsML.txt,C50test/TimFarrand/24919newsML.txt,official_test,04ce3f3fc91dda076af08bed4fe1760bac3d62d8cf62e10faca05f6bb7e354cb,193611cad0c05fc3f9485631b20e4e5df3716bfdc9f2545d1c9ed0b42a7312c3,style_1nn,WilliamKazer,6.43381260177185,C50train/WilliamKazer/247909newsML.txt
TimFarrand,250585newsML.txt,C50test/TimFarrand/250585newsML.txt,official_test,b8a8d4217b826641579019a3c33c62d336675203147cd352d515e52b5d6a6e79,d370c12635b5f126db314990b1acc16c902afb14d08fca33233c33eddd5965e5,style_1nn,TimFarrand,4.763245888885047,C50train/TimFarrand/164877newsML.txt
TimFarrand,253041newsML.txt,C50test/TimFarrand/253041newsML.txt,official_test,2aa18b4b648e533f8be1b56eb8ba5902dbd817ae8b2eb6169ba89ae5440f91a5,9e45d6505a0e688885fc5138a7e596985e55f2cef41ad2004cdda77f2ad19d84,style_1nn,TimFarrand,3.88858847124489,C50train/TimFarrand/143038newsML.txt
TimFarrand,253128newsML.txt,C50test/TimFarrand/253128newsML.txt,official_test,e09eb117797867d779d3ad325f06508405ff0b056e332f3d4a445c81cfc789df,294ac0e614e8eb1886778e83a5bf1442e56973693c682efffc38c1d77f498360,style_1nn,PatriciaCommins,3.9177512916118387,C50train/PatriciaCommins/283991newsML.txt
TimFarrand,258162newsML.txt,C50test/TimFarrand/258162newsML.txt,official_test,076db284e27d7a5f9bcfc1c19505ed70694d7e28c740cf649e152519b6f6feb5,06d30e3abfb01b2c457933758e389226b689e387af6303a838dac0bbd1ffa1d5,style_1nn,TimFarrand,3.614095604302743,C50train/TimFarrand/204606newsML.txt
TimFarrand,259532newsML.txt,C50test/TimFarrand/259532newsML.txt,official_test,6c8a6712c5f476ac6397b92a928d2e565c8b27a73d13a15baadc9250735e17ac,b41f93a316866486e521e8f64264a0eb949d36888fdf9525ebf748294d70e946,style_1nn,TimFarrand,3.8435726336673617,C50train/TimFarrand/242910newsML.txt
TimFarrand,262620newsML.txt,C50test/TimFarrand/262620newsML.txt,official_test,406ba2d96b0ba15bdde1f363b518a571668e65f38aa80c97ca4a34d2e4df75be,856f78d988b5fb1380e505d33b8c0aa4b09ccc98b938c88cbc5e028e0580ba3d,style_1nn,TimFarrand,3.8543552941894696,C50train/TimFarrand/165801newsML.txt
TimFarrand,262644newsML.txt,C50test/TimFarrand/262644newsML.txt,official_test,49e1bd7d890a49fb8a478f6ff16ec8c99ae523d5a828762b6e30478ed24ee5a9,20c6a1a1600c439bb588b87b548185d60b3a910fe02877b076dec9683c3cf556,style_1nn,TimFarrand,3.635143395946406,C50train/TimFarrand/165801newsML.txt
TimFarrand,267753newsML.txt,C50test/TimFarrand/267753newsML.txt,official_test,cf6682a30ce6c49e092d523eb134337dbd7f1daaf42882697abd70f790a6436c,3d97ef6ff789c83590f7b5aed8ea5d3356c99e04d557f4557aba494c9e540fb4,style_1nn,PatriciaCommins,8.797388108143382,C50train/PatriciaCommins/102719newsML.txt
TimFarrand,267997newsML.txt,C50test/TimFarrand/267997newsML.txt,official_test,756b5ed5e812748bdea26ba708085a9785ca759b07462fa4fae4612d3a53389e,b6b6ec6190a0361a557be6402fbf867b278d23c104f02afc5727274b1d3a48c3,style_1nn,TimFarrand,4.836293264108264,C50train/TimFarrand/15631newsML.txt
TimFarrand,292123newsML.txt,C50test/TimFarrand/292123newsML.txt,official_test,e95204aec0f7373800ebc47bff77f2854bcb2ea73033092b9614bfc84ee82d0e,3175a2377f06276eeb74a93a61a9ae2cc0dde40b146911af5dec217b3bd17bf6,style_1nn,TimFarrand,3.4283922379977003,C50train/TimFarrand/204606newsML.txt
TimFarrand,306551newsML.txt,C50test/TimFarrand/306551newsML.txt,official_test,0aebb131691b6ee2aea9cbd565a0efad96b91c71c58d90a7b21bee524ec34cbd,a0b291d1b393390b6f83d01da067c787d7b81fee9c84c6aaf9051dbc12b55376,style_1nn,TimFarrand,6.852027850127707,C50train/TimFarrand/159528newsML.txt
TimFarrand,307168newsML.txt,C50test/TimFarrand/307168newsML.txt,official_test,71894d271fc947b6b0fe9e0d64edf6cd3ea45641505771896a8ddbf8f98360e1,a28d55bf0ab12b9d5fa2e25c48cc30d15579790c4a7ed78fe6e5afd10f805d1e,style_1nn,WilliamKazer,8.859440948257184,C50train/WilliamKazer/169626newsML.txt
TimFarrand,309610newsML.txt,C50test/TimFarrand/309610newsML.txt,official_test,b7abb1b0798609a880bdf8a42fa7224c62ee9bb837e28899d912b3762e832253,fd004a930f85034df5e5f9133a7fa6e2d43acc94d7b2fe1cff088680b3f285dc,style_1nn,PatriciaCommins,3.4241545344566076,C50train/PatriciaCommins/264335newsML.txt
TimFarrand,31031newsML.txt,C50test/TimFarrand/31031newsML.txt,official_test,4721e41dfdf3d2265f6eb14412f7ae7d3c80fc62aec6b16b62665cd8b8c41c3b,de6592126ef0cbb7aeb0979aa4c9ac79af5c78518ca75d6e91a1b7c7bf4d71db,style_1nn,TimFarrand,3.4942439220941677,C50train/TimFarrand/242910newsML.txt
TimFarrand,31143newsML.txt,C50test/TimFarrand/31143newsML.txt,official_test,a0f2407b1ca416d89fd3567b361f4ac1d2ce568045d6e67160f4331307c9b4b5,d3b881f281c661ef2c073f006d734706a9f7a0555846eea2a7ea1a6930a21439,style_1nn,TimFarrand,3.8067195218850616,C50train/TimFarrand/172132newsML.txt
TimFarrand,315548newsML.txt,C50test/TimFarrand/315548newsML.txt,official_test,0f7e4d9517c4886016f8464b34ff869ded6297541894dc41e5289b811c616d1f,786599e10095811a9eca3382006d0af851114ca42e9daca1fd47b56c63183479,style_1nn,TimFarrand,3.0902161482645787,C50train/TimFarrand/242910newsML.txt
TimFarrand,318218newsML.txt,C50test/TimFarrand/318218newsML.txt,official_test,955f5040be2ce329abebde53d508a13871ecca911958e8fc764d629114883af4,252fbd20509e158c0d5c88f9e18c14102f37ef90206cdb5da7440edf57227406,style_1nn,WilliamKazer,4.06285438322695,C50train/WilliamKazer/196734newsML.txt
TimFarrand,325763newsML.txt,C50test/TimFarrand/325763newsML.txt,official_test,ac7d38c06a92b0338175cbf24a574e49ef0c85bfe98deb856974848f630d6190,ebb69877346e3ebd12c04254557a4707db3f3ed277efaf45d843617d59dd1ebc,style_1nn,TimFarrand,3.786308936754038,C50train/TimFarrand/234885newsML.txt
TimFarrand,325855newsML.txt,C50test/TimFarrand/325855newsML.txt,official_test,395a6679ca84a2c5971ea50e90ded6002a53d58b9f7a6a03432854a134747fea,348dad08e95ef0171498c7254ebb7cede8fee84b8df6472c6649f30fd25947d6,style_1nn,TimFarrand,4.311936861549771,C50train/TimFarrand/234885newsML.txt
TimFarrand,326348newsML.txt,C50test/TimFarrand/326348newsML.txt,official_test,5b8f5404ef3e3a5307d667a269687b753e9f9c7a8146bacb4d5a3018b615bb0e,437a2cf0ffcb14e9ddadfa7921fb0cc680d8081cddd8e49c4b32fe2318d75e9d,style_1nn,TimFarrand,4.9777045437525,C50train/TimFarrand/210560newsML.txt
TimFarrand,34067newsML.txt,C50test/TimFarrand/34067newsML.txt,official_test,c09fe35a0b136bcd57cf37deafdf9c5900d5cc718e3a78089ad6fdd5946f4984,8f826fac0e74730023690d4836cd16aebb1c194f01812344283ce1dc0bcb9532,style_1nn,TimFarrand,4.224293106566452,C50train/TimFarrand/165801newsML.txt
TimFarrand,345001newsML.txt,C50test/TimFarrand/345001newsML.txt,official_test,3b69b6d958f94011155ace351ab788881e09abb4a3d4f9347799a20df0eb163a,f96ce4643828e1f0cafbc156bc0993b5fd863fcb46a6b858b93cbbf165bee5ad,style_1nn,TimFarrand,4.592143000881778,C50train/TimFarrand/210560newsML.txt
TimFarrand,361229newsML.txt,C50test/TimFarrand/361229newsML.txt,official_test,444544184c141f06244c4d5ee39b35602b8a714a00ebc6e13147da3d2c9c24c0,2b2f097d20305d7d32559dd7b8d8237ff0c0c04eca017a70fd62d7fa782ec6a2,style_1nn,PatriciaCommins,4.340253185779805,C50train/PatriciaCommins/264335newsML.txt
TimFarrand,364018newsML.txt,C50test/TimFarrand/364018newsML.txt,official_test,3c49f39a720e95cd9d1126050513babf848b07ced8edd2c401bee80f7f70a4b6,75e77ce23dd7c091e09c92d1394375416711f228436a6c18ee89dc28938be891,style_1nn,WilliamKazer,3.785168462847627,C50train/WilliamKazer/209813newsML.txt
TimFarrand,364077newsML.txt,C50test/TimFarrand/364077newsML.txt,official_test,c24de8cc9cdcf64fb956cd44b71378740b54bbe8641d2f6faf0bdd7871d3bdb4,09bcc4bbacd00a633558b5f5cb414692e4a34e7571c4cbb045391bc85582701f,style_1nn,WilliamKazer,3.785168462847627,C50train/WilliamKazer/209813newsML.txt
TimFarrand,367648newsML.txt,C50test/TimFarrand/367648newsML.txt,official_test,5b6212088a19509c97222645bb8ab849965de9379be8a577a2ed9383ae165b19,88e9e6c79c353995ba9fcbc78d752cb0fafad2b63bc2a68c23fc481871f3ab69,style_1nn,TimFarrand,4.364147094108893,C50train/TimFarrand/220857newsML.txt
TimFarrand,368884newsML.txt,C50test/TimFarrand/368884newsML.txt,official_test,c5e5b04d6808f0f966bee36c088098ba4ab76714e6bfe8f87ca494b7cf02de15,13bb9ade912cd413e1b044bb4c11b5bc9c3b5a20847631440b1d04f644aec5c1,style_1nn,WilliamKazer,4.203099856483422,C50train/WilliamKazer/209813newsML.txt
TimFarrand,370324newsML.txt,C50test/TimFarrand/370324newsML.txt,official_test,5e51e559957119b814a412b6c24ca0c353f4025b591648080779c565495553bd,6b94f00b25d9136d1e4eb8da812bbb48e99b87f27b0d3392b78295bbe7d63545,style_1nn,WilliamKazer,4.249343681499275,C50train/WilliamKazer/209813newsML.txt
TimFarrand,370357newsML.txt,C50test/TimFarrand/370357newsML.txt,official_test,f49231b7aa0397df5a0936d9387cceb88c8e54bc661db0ea7dda61dd10e9cf87,54e54e9ac473ef9dfd34006b0b7c96abe1183e42b980a6d65da708f07adc40f1,style_1nn,PatriciaCommins,5.409466520896852,C50train/PatriciaCommins/117099newsML.txt
TimFarrand,394805newsML.txt,C50test/TimFarrand/394805newsML.txt,official_test,8d789c2b080c218392ac30649ca093dfaaa83d8ec32c78beda93ea9b5bf31653,e2ce51ea42cf4498cba4cc6fdc14a4c64921aa5aea85f1ed6019bc7422bb7bb8,style_1nn,TimFarrand,4.396657453882842,C50train/TimFarrand/242992newsML.txt
TimFarrand,394806newsML.txt,C50test/TimFarrand/394806newsML.txt,official_test,6ff8e1ddba7fb67d9bcdbf4e41ab915e7ec91d2eed120b7e29ef54c3b4b01954,f3f0a4b223b38f6824f3fe2ad1dbe0fdb62aa034ea70d3d8723e13fd561bba09,style_1nn,TimFarrand,5.532391350055762,C50train/TimFarrand/167803newsML.txt
TimFarrand,406917newsML.txt,C50test/TimFarrand/406917newsML.txt,official_test,6db53412c0a48ed35f23522e4b346d71fad293a88da1fef2ceae67fe148da688,a6c8a092d2bef2004e6142d4f55b3f36072bdfc27476ef6d7977fb6a7a7d84d6,style_1nn,TimFarrand,4.260628755773355,C50train/TimFarrand/165801newsML.txt
TimFarrand,408132newsML.txt,C50test/TimFarrand/408132newsML.txt,official_test,e2244bdb2026559d91af1ef4c8fc249fc6c62a1b6754ac67ba374a27c3ae3cab,c4ab98bc67b40f3c890ba29fe8a948a58a860e8e11ffb0d5c558b3268b1b3e8b,style_1nn,TimFarrand,4.28565737793719,C50train/TimFarrand/225561newsML.txt
TimFarrand,408804newsML.txt,C50test/TimFarrand/408804newsML.txt,official_test,14e28a897d8536a2ca19c65318c0e5ddbbdcb2fe13890282960208f5a5d32c70,fb751530c293653b37bdc83fb3fbe3b5ada8dcc79761ae70f0f5a64c093592b3,style_1nn,PatriciaCommins,10.162277613671408,C50train/PatriciaCommins/2296newsML.txt
TimFarrand,417103newsML.txt,C50test/TimFarrand/417103newsML.txt,official_test,00ccdee69a68a99d4ba2b13efcf5159605c5ba8a5f08ff6acbf5c9eacbdfd41d,17252113ec30bad600801ded5e9b31d9a491ffbfe72635dd22a8478d8de958e3,style_1nn,TimFarrand,3.771380457287604,C50train/TimFarrand/238095newsML.txt
TimFarrand,420491newsML.txt,C50test/TimFarrand/420491newsML.txt,official_test,5bd081a2399e1e4fd9b412267f5f43b6ea61316684acd0f643e32f88dfa7429f,644beb468544dbe057c97acffc7455453f0dc3403cd4e70a4723e33d09f3b1b4,style_1nn,WilliamKazer,2.761173381147488,C50train/WilliamKazer/169626newsML.txt
TimFarrand,420497newsML.txt,C50test/TimFarrand/420497newsML.txt,official_test,b9d01c638fb2c1d756fa7bd5a0983e3c1179163de65c3a27e48f416e33863774,19ccc088a5fdb2fc844d8ea6ea2faa620d436b4e5352a5bd9fa506de4cfc9e25,style_1nn,TimFarrand,3.5036874959445345,C50train/TimFarrand/234885newsML.txt
TimFarrand,421639newsML.txt,C50test/TimFarrand/421639newsML.txt,official_test,840b23696ba63e637d2c7c21806aa1ef681c0be42114b0374f21acf6e2e55bed,d063f5a00a655e824b1f38eff2b16e5aab565c9f41d5ba775ef49d7b48b6c086,style_1nn,PatriciaCommins,3.9151051437486664,C50train/PatriciaCommins/15778newsML.txt
TimFarrand,422052newsML.txt,C50test/TimFarrand/422052newsML.txt,official_test,4194011a29294717ba9ca813b30c55e40d3713d08bc7c172dad08d58cf675af0,55ea2b42d5110a23f9b47e8bd9572144a59627d5c8fc1c74a9d9dec665e99321,style_1nn,PatriciaCommins,3.9151051437486664,C50train/PatriciaCommins/15778newsML.txt
TimFarrand,422134newsML.txt,C50test/TimFarrand/422134newsML.txt,official_test,b61d079cb4f4260bb7aa7eacb28a5d0f9b506316e2768e9310db34c5e91fa478,56a2cc6636c00c1f9a3fad82ec317771e9e4c777af34158de02f7d65e1d5052a,style_1nn,WilliamKazer,4.052487039230334,C50train/WilliamKazer/209813newsML.txt
TimFarrand,424443newsML.txt,C50test/TimFarrand/424443newsML.txt,official_test,52f44ace93da136c2db0c41dbab320f7bd57d437c9836378ef978d83b4e21446,aec93ff651f7f6fc3c885de5e68667c954fce92985efc1ebb12015c4735b22b2,style_1nn,TimFarrand,3.846431556064902,C50train/TimFarrand/210560newsML.txt
TimFarrand,424512newsML.txt,C50test/TimFarrand/424512newsML.txt,official_test,d3395a7089e88ee66f0cca186151b443461ed9b8b42376e4485b3c242d8646b3,78304b49544bbdd2558a324fbc2be6c786a056f65c38eb5797a015be2d3cb6e5,style_1nn,TimFarrand,4.720007014788201,C50train/TimFarrand/154492newsML.txt
TimFarrand,425010newsML.txt,C50test/TimFarrand/425010newsML.txt,official_test,2fd7c2699fb656f1f09ebb0716f8cc44417f6ff98d6e221074547b831d137f04,35dbb6a7ad8811dbfded12f584efa087355211d41f62934106b8410dc21b3151,style_1nn,TimFarrand,8.258441157852346,C50train/TimFarrand/149844newsML.txt
TimFarrand,427280newsML.txt,C50test/TimFarrand/427280newsML.txt,official_test,c8db776bb174c8f24ed2e2d13ef3d32d901f05c226274a1794f6e0a5bc4834bb,51f9a59f7408f0e2d1ffb0015521ec856e2a6392ecf5733ff6d985db8830ae0c,style_1nn,WilliamKazer,3.9823039104379894,C50train/WilliamKazer/148885newsML.txt
TimFarrand,438886newsML.txt,C50test/TimFarrand/438886newsML.txt,official_test,f8e0137b3874c10425a862c261693814aa9e96d7db6446ce9ba62e1f52e317ea,bfe5ed92cd3b7c15571fbef65b355d5ba7417f646be666089ab5542062280b66,style_1nn,TimFarrand,3.4059425586765695,C50train/TimFarrand/164516newsML.txt
TimFarrand,438888newsML.txt,C50test/TimFarrand/438888newsML.txt,official_test,0d7791f252e51e892aa89968fd36211ac36f23d7af1fb1dc97da87b0a17433d6,43510ae966eaf0ca25cb3cd60b5908ad5d13fef039f54bb1c4394d1f62e0d308,style_1nn,TimFarrand,4.120802895505284,C50train/TimFarrand/172132newsML.txt
TimFarrand,440541newsML.txt,C50test/TimFarrand/440541newsML.txt,official_test,1d4666504f24ee7527fe3defe1203c42a5ecad68c102a54c98f6c3249f0519f4,eb2102437b5ac4bb5d9a01633a211d02cdfe1bd2a9f9bf624c82bf8bf57b2c47,style_1nn,TimFarrand,3.2889087757974194,C50train/TimFarrand/164516newsML.txt
PatriciaCommins,2911newsML.txt,C50test/PatriciaCommins/2911newsML.txt,official_test,79d3e436239be1c0014880d2f9081a16abb36ab7254bdeadb491c2f782591d88,ab908649e2e0800e5671cf9cde502bf6db7f850826c9b995e1b0f44c36afa30d,style_1nn,PatriciaCommins,2.6704703090812267,C50train/PatriciaCommins/2296newsML.txt
PatriciaCommins,293689newsML.txt,C50test/PatriciaCommins/293689newsML.txt,official_test,28497fa739c731b1d46d164f20735b40d887136927e299ca8585dee7dcf8352b,fe2361d8f6900408c7a59bf07cdae579a59447ed57052c8d1b5fe9eb1917934c,style_1nn,PatriciaCommins,3.2817197876098967,C50train/PatriciaCommins/143591newsML.txt
PatriciaCommins,294155newsML.txt,C50test/PatriciaCommins/294155newsML.txt,official_test,0f375df6170b2eec0b9262058102aa009acdbe2e249fe2aeed656372e80a6052,bd2ab60eea99975369329b10d23b684def83b1d2afde6d4f26b5546b879bb2a6,style_1nn,PatriciaCommins,3.2787724068667625,C50train/PatriciaCommins/143591newsML.txt
PatriciaCommins,29747newsML.txt,C50test/PatriciaCommins/29747newsML.txt,official_test,a0a448f65555246c88f53598de898b0573214c88a41169c3806410f5df05be09,1adafbcca5f6c94283b322cc31a899ff3c9083da38f96b0452a6a9ead982e15d,style_1nn,PatriciaCommins,4.500746175458465,C50train/PatriciaCommins/143591newsML.txt
PatriciaCommins,302920newsML.txt,C50test/PatriciaCommins/302920newsML.txt,official_test,5d38309c1cef2e7b7a3f7e0cdea7a5d42d7c6f791dca7ebec5872d98d23eaf05,f636567130d43ab8c49650da537c71965e3ab51eb129eb2cdacd2fcf6309dd1d,style_1nn,PatriciaCommins,3.5319826831182586,C50train/PatriciaCommins/209925newsML.txt
PatriciaCommins,303107newsML.txt,C50test/PatriciaCommins/303107newsML.txt,official_test,9a78f83651cbdbdd58df8a4a52027121c01dce57d4aa0c303ebde75661a73c5e,32cb367da0f6cfdff7dbcfa3c9d806730e8463661413e598a06e767777d0dd2e,style_1nn,PatriciaCommins,3.192264766023083,C50train/PatriciaCommins/114428newsML.txt
PatriciaCommins,303415newsML.txt,C50test/PatriciaCommins/303415newsML.txt,official_test,a67f7344c9c75ffe6b93d6b07204ea777491d4bf57f9fd85bfcd1c2d30a23f96,533f926482d11c3147ba97034f8b8ce95570ce375c974e685885aa48a10e8ca9,style_1nn,PatriciaCommins,3.5319826831182586,C50train/PatriciaCommins/209925newsML.txt
PatriciaCommins,314014newsML.txt,C50test/PatriciaCommins/314014newsML.txt,official_test,9871203499dd4e9a4c6a87b7778a079b06d0b69b9dd3d53d2485fb77bff66818,f68e4bf2b282baabe450a0f656465679f4d6a20d1620750da9caeda109808fd4,style_1nn,PatriciaCommins,3.087080272879372,C50train/PatriciaCommins/114859newsML.txt
PatriciaCommins,32110newsML.txt,C50test/PatriciaCommins/32110newsML.txt,official_test,10cf4e9efd13b58c6d4a458000de382719d8713d151035d4be2e855562b701b6,b961bd0877011015ae98d44b40df8c0e94f2a82200c90caf4649edba833f38e0,style_1nn,PatriciaCommins,3.917468707882011,C50train/PatriciaCommins/205566newsML.txt
PatriciaCommins,331817newsML.txt,C50test/PatriciaCommins/331817newsML.txt,official_test,22027d065c0072890e115ea8513b1c9c68a7d00406906b0c1f78165f68dfb670,296ff8dcce1c1dd94c1f8572f9ab827af43a20fa32ef5db0a5556e84a650eaff,style_1nn,PatriciaCommins,3.5473491093353124,C50train/PatriciaCommins/102719newsML.txt
PatriciaCommins,334989newsML.txt,C50test/PatriciaCommins/334989newsML.txt,official_test,3f695ede20ec9036763c8a89ea313b67e2efbd38af83b7f786b861d2ef744e38,a06bbcfedb3827d1505b62ea3223eac774af9a972e6ad6ff1c0414caadb2652e,style_1nn,PatriciaCommins,3.2788972982442934,C50train/PatriciaCommins/178068newsML.txt
PatriciaCommins,335312newsML.txt,C50test/PatriciaCommins/335312newsML.txt,official_test,35e60ddbf9826a4a3d810244b828663ce3cb2e4a74e5e3383409b039a102c1f5,10a7cbe2a669d52d9755380c1d089c1f6bb19812e7018e9003adf41d754cb05d,style_1nn,PatriciaCommins,4.195819915442004,C50train/PatriciaCommins/178068newsML.txt
PatriciaCommins,33704newsML.txt,C50test/PatriciaCommins/33704newsML.txt,official_test,adc979458440e08b881ad63817cdc3d1224b11e7cb8f459550adbdde95d2e245,c6f2c9f2e57d03e301a348687eecef921c31525d55b2acd09763dfc94f6e837a,style_1nn,TimFarrand,5.597225646109907,C50train/TimFarrand/114953newsML.txt
PatriciaCommins,343984newsML.txt,C50test/PatriciaCommins/343984newsML.txt,official_test,592c08fda292161f036aa3fa4d2e8f70d5e4a59f1d8e291a02a4aef54f0b1997,e3f5e3bf153dbdbf1cd7a45ecc9a1de39db11e664e78f17ecc70f5fc518ea6ac,style_1nn,PatriciaCommins,4.320717614943097,C50train/PatriciaCommins/140446newsML.txt
PatriciaCommins,347178newsML.txt,C50test/PatriciaCommins/347178newsML.txt,official_test,79b3dd7289fac6a3969ecadc7395abd03dc4d73cd9289d796583e2804fc69caa,4a871823992be946080b3bda91b8c956f5da60d4ac62078befe11c7ddf61defc,style_1nn,PatriciaCommins,3.8057786588261653,C50train/PatriciaCommins/140446newsML.txt
PatriciaCommins,35005newsML.txt,C50test/PatriciaCommins/35005newsML.txt,official_test,40457939763088d8322d2d937ad1322e839d32c58a3d8a0c5dffb56a304334ac,1cc0228bd5a39823bb04f09122cae6aaf6b54d1760ac2952023e624270d215d6,style_1nn,TimFarrand,5.771968785263063,C50train/TimFarrand/114953newsML.txt
PatriciaCommins,350167newsML.txt,C50test/PatriciaCommins/350167newsML.txt,official_test,91b3b959d50ed2ef24b1ec75bd38f870bf92b4db6020007ffbf500f61e6e9cca,0e5ca46d7b2a8812549baee3f75eb2b7282d5fb846deacc3d0b1f9f38ee44743,style_1nn,PatriciaCommins,3.625425687342036,C50train/PatriciaCommins/15778newsML.txt
PatriciaCommins,351736newsML.txt,C50test/PatriciaCommins/351736newsML.txt,official_test,e665b69400733c398fe3f5b98e7090426f8eefae0e740d9fc91fa1ef48b2932c,ef1770ea364d25117e6674c8a744f8a5e1b10de908ffca0276680b6b308f80c0,style_1nn,PatriciaCommins,3.6322672584625337,C50train/PatriciaCommins/15778newsML.txt
PatriciaCommins,357162newsML.txt,C50test/PatriciaCommins/357162newsML.txt,official_test,6514d43914cba3ba9f8328214de8b3da5c83e0204b6f647cee6f202ecb80b415,202941235be185d0910a075c20919740c6a2dc0de017eaa834f56b379331d207,style_1nn,PatriciaCommins,3.6472697020043343,C50train/PatriciaCommins/258801newsML.txt
PatriciaCommins,357273newsML.txt,C50test/PatriciaCommins/357273newsML.txt,official_test,cfeed653cb0999125b5728ff8a03d9782dca391e308946ef6c31ae4918635141,169a90245b6dc9f52960f60fcf1e4dd38f4f997170b9ddfffdf6702cf11c5d25,style_1nn,PatriciaCommins,5.398432994916005,C50train/PatriciaCommins/283991newsML.txt
PatriciaCommins,360832newsML.txt,C50test/PatriciaCommins/360832newsML.txt,official_test,7dfa197b885f3f0e690f2faac383888389b645a721add1390b3653da24a02eed,6ac55eb2a1f057d201e276acf745c403cf769243dff4c2db3b47e3ec07847850,style_1nn,PatriciaCommins,4.401390691606944,C50train/PatriciaCommins/251347newsML.txt
PatriciaCommins,363833newsML.txt,C50test/PatriciaCommins/363833newsML.txt,official_test,e8644eac1b5e8b8dbaf2a39e58f52c1a6f1b1843ba03d296f7149a62fd353121,12d529203aec7db63f6afd63da5928bb9aec803b48dad5f875343e96efd22cba,style_1nn,PatriciaCommins,4.401435223379383,C50train/PatriciaCommins/251347newsML.txt
PatriciaCommins,384813newsML.txt,C50test/PatriciaCommins/384813newsML.txt,official_test,ea6496dd9a9c64fec93238b675f605ae35dc8fc8f34f741ec775a4f6a55e8e23,7ff446fe2c3182f1ef003d143b84e27fc59dbf51072d57060c99c64a508f981e,style_1nn,PatriciaCommins,3.8009692969789035,C50train/PatriciaCommins/205566newsML.txt
PatriciaCommins,384968newsML.txt,C50test/PatriciaCommins/384968newsML.txt,official_test,d28dcb0b989597d767403e841f2f1ea6bcaff347cf2ad4932c9632d62213d1fd,b1c26110955932c3cd3b7cc3cf9470530b62c837d1c5e94768e36d07eee2134c,style_1nn,PatriciaCommins,3.8499409988616344,C50train/PatriciaCommins/120588newsML.txt
PatriciaCommins,384992newsML.txt,C50test/PatriciaCommins/384992newsML.txt,official_test,4a4e8197fc3ea7ff668a18387db85e923a572ebbfe5615ec108a547e9632902c,de2877ba7e1fb0f5f73a689c9a69339787747ca6f83352900480912cf2e71ac6,style_1nn,PatriciaCommins,3.577282818635829,C50train/PatriciaCommins/209925newsML.txt
PatriciaCommins,386926newsML.txt,C50test/PatriciaCommins/386926newsML.txt,official_test,f4b23acd246cfbea5263ec7f70c90c1bf1e5c358d7a32774d2a7f5716fabd517,a8342ec1f0144288005844e731dfdb583d73623f08b148cab06fe63b90fa23ed,style_1nn,PatriciaCommins,3.665059557073535,C50train/PatriciaCommins/283991newsML.txt
PatriciaCommins,386989newsML.txt,C50test/PatriciaCommins/386989newsML.txt,official_test,d5159c84d56b7a05d0d3906cf9bb2adde289f6c261ed24ab4345fcf06101f9ad,85e9f2eacb8416061db035d37980ee9c8b1955839fd6f58d5df0f962eccc0345,style_1nn,PatriciaCommins,4.838586788169489,C50train/PatriciaCommins/209925newsML.txt
PatriciaCommins,388290newsML.txt,C50test/PatriciaCommins/388290newsML.txt,official_test,ca818692945506034feb3c6ebb54a6a1709c529ebaf96944f024876db841be84,90296905a1086fc357448f3e0909ab4d5f09834a5b1d81e5aea5af148be9d909,style_1nn,PatriciaCommins,3.8960993466938776,C50train/PatriciaCommins/15778newsML.txt
PatriciaCommins,388381newsML.txt,C50test/PatriciaCommins/388381newsML.txt,official_test,16d11ce3232bb49710621c885b7e1805423ca243c9d6ffcaa6ef621192051905,4f23040c3ef0ed860cae0fabd7abde4fa809a2711e567049c943a548912090d4,style_1nn,PatriciaCommins,3.3110802690006755,C50train/PatriciaCommins/114428newsML.txt
PatriciaCommins,388386newsML.txt,C50test/PatriciaCommins/388386newsML.txt,official_test,08819bfcbff08056cff7b3c09fde14d3aca24d1a6990cf785444c4bee83a086e,97bab4ae36dbbef2a0e653c2800313c6b784331c4eb7d8ca9e0d095c8bf2ad1c,style_1nn,PatriciaCommins,4.034917365404976,C50train/PatriciaCommins/205566newsML.txt
PatriciaCommins,390115newsML.txt,C50test/PatriciaCommins/390115newsML.txt,official_test,9fbb1dd4dc3024982d3c61f90f537d39322cbcc1feb8312943f0c235c9cc8336,339ab48de9ffa0475c28c0e0dcdc5f82a6a4de9efae16a53a78748c3f0030b03,style_1nn,PatriciaCommins,5.411787308758026,C50train/PatriciaCommins/18739newsML.txt
PatriciaCommins,391260newsML.txt,C50test/PatriciaCommins/391260newsML.txt,official_test,0d41dca8a1120bd95603ba58026ae30ec7c1b397afa793ce0ff9b046f7855fc1,fd0c2fbc8397a8db801c74e51148673e1e4dbc8ed57294614519036b28e2ced5,style_1nn,PatriciaCommins,4.382059291744435,C50train/PatriciaCommins/114428newsML.txt
PatriciaCommins,391445newsML.txt,C50test/PatriciaCommins/391445newsML.txt,official_test,b6579db4c54a0f039ec8d4cf19389ac2b742b3aacd7ddc8532fb1197b96ecdd8,2a6080cba6fab420ac3edf37742b75f244b1c3ad15e1d0241692f404f8ed43d4,style_1nn,PatriciaCommins,4.290219149033874,C50train/PatriciaCommins/255134newsML.txt
PatriciaCommins,391498newsML.txt,C50test/PatriciaCommins/391498newsML.txt,official_test,3fbc15fe8c446d4768d350185859d8b028f27e3c693bf7e30dc01c6e0529db48,57b360ef4705053344a7f0da735cb18070e4e54b953222064956714b63673063,style_1nn,PatriciaCommins,5.057100829744377,C50train/PatriciaCommins/178068newsML.txt
PatriciaCommins,397964newsML.txt,C50test/PatriciaCommins/397964newsML.txt,official_test,d22a5e4b25ff3b0974d43e9672c6d95ce62b4779478ef3158adcdb0e7b25fa7c,26320e04f24659975dd971a16e181f1d371c6a1fbc3fa80796253eaff901a8b4,style_1nn,PatriciaCommins,3.680070495853807,C50train/PatriciaCommins/251195newsML.txt
PatriciaCommins,398230newsML.txt,C50test/PatriciaCommins/398230newsML.txt,official_test,8f14f7f56b486bf290937f36335167a37717434ea6a77c6034f94d96502fdfa7,bab52fa897d903650479e273e8890217e83728e17bd67e84736fa2b2ca5caf7c,style_1nn,PatriciaCommins,3.7108436071376536,C50train/PatriciaCommins/114428newsML.txt
PatriciaCommins,404398newsML.txt,C50test/PatriciaCommins/404398newsML.txt,official_test,76f892a15d6ac1a80af49c1d1394ed6f570e8a7c0e8e64b7ab541360e5a112c5,862cd89aeaf6398f0022c9c32404015074b2c75b3dbeecc7460e788c52259735,style_1nn,PatriciaCommins,3.461141400572751,C50train/PatriciaCommins/143591newsML.txt
PatriciaCommins,404426newsML.txt,C50test/PatriciaCommins/404426newsML.txt,official_test,afcc645a3a8cb6f71b429fdb24692c1a131bdc37c0b23d6c76bc18b832f776e5,b9b13b164a484f124ed7d2c70b6504ab3b5e3d442680c8664d1b4d3402794518,style_1nn,TimFarrand,8.716379288024699,C50train/TimFarrand/114953newsML.txt
PatriciaCommins,404982newsML.txt,C50test/PatriciaCommins/404982newsML.txt,official_test,4973660501f67aa698aec4330511206f7cbd7a1fe99dde2f9faa0da8d9e06a23,51eb8bd1eb485a326bf8e860b9af57bb0ebd27489420bb89963a740dd8d38175,style_1nn,PatriciaCommins,3.3760360182906686,C50train/PatriciaCommins/143591newsML.txt
PatriciaCommins,404985newsML.txt,C50test/PatriciaCommins/404985newsML.txt,official_test,32d703ccfe9de1ca5fba53893f2c9f8c0c90db0c20e7d3fa66a172338cb802a4,a10e0a522481a1d9567b336c86df61320d44e7814492cb1c436ec187cf864a9e,style_1nn,PatriciaCommins,3.400549553069999,C50train/PatriciaCommins/143591newsML.txt
PatriciaCommins,407636newsML.txt,C50test/PatriciaCommins/407636newsML.txt,official_test,f25375e105d62fa15dae6cd7faeacfeeb7000293ff52aea2a5484c40707541ae,6486a193bd00097e7d8013b568953f1fd33d792c96229c5b6329f03d25fe90cf,style_1nn,WilliamKazer,7.342064457000009,C50train/WilliamKazer/247909newsML.txt
PatriciaCommins,413779newsML.txt,C50test/PatriciaCommins/413779newsML.txt,official_test,812593c5a74cfc841cf44e3301c70a80c104a84f899e7d1704f9af69146b7d72,6d9e2c3dd921152c478cc172d8a4019105ddab8093ed646a4eb8931cee194980,style_1nn,PatriciaCommins,3.1755446864404,C50train/PatriciaCommins/205566newsML.txt
PatriciaCommins,415401newsML.txt,C50test/PatriciaCommins/415401newsML.txt,official_test,cb8af09c098bc288fc135a939ecbf82a6efc49b55c01698a6e0580038b912045,7a76381ae833eba6fdff3bf3ccb37bd74a43f131d8313ed3306ba5deebf88395,style_1nn,PatriciaCommins,3.178048591164001,C50train/PatriciaCommins/205566newsML.txt
PatriciaCommins,429308newsML.txt,C50test/PatriciaCommins/429308newsML.txt,official_test,dc2219ca5238d937d45a1ccfd7429441e7e9499632460bfa33208ed24cad8c2a,7e2880972cc49dda5216de1be48413413b79c6fe97d6b33a056ec15f2f365300,style_1nn,PatriciaCommins,4.14482054512883,C50train/PatriciaCommins/126714newsML.txt
PatriciaCommins,43225newsML.txt,C50test/PatriciaCommins/43225newsML.txt,official_test,1b4e2955a7b2597a160a132a4118028f5b4d73169705e8d23811cf15f2d08443,d0539cdb8e7e269070d44fcfc6314aaab95152c3c4676692e26b61eb510461a4,style_1nn,PatriciaCommins,3.5514909925631906,C50train/PatriciaCommins/143591newsML.txt
PatriciaCommins,433550newsML.txt,C50test/PatriciaCommins/433550newsML.txt,official_test,c4088fecdff0f4032b5239cda38901e71579dd5c8bc6c9bd997f805d90054e09,c4c5dc9636c100c223c44e6339838a232838b6a447597a2c361724cbbcb80d81,style_1nn,PatriciaCommins,4.152437149650056,C50train/PatriciaCommins/283991newsML.txt
PatriciaCommins,436695newsML.txt,C50test/PatriciaCommins/436695newsML.txt,official_test,8b533cc0f5c3ab23f9b93968e61e42c9bd8c3cea41dd916d87f6b09f30ab3369,2c7941bf48d82b3be1f8ce4b214cb1add32789b852abbf144a6abeee5973a4a7,style_1nn,PatriciaCommins,4.757613787845074,C50train/PatriciaCommins/140446newsML.txt
PatriciaCommins,450332newsML.txt,C50test/PatriciaCommins/450332newsML.txt,official_test,2b04c008bcd48b2b68b2b22db3ea804bd647d64f6c0419f3df36b06ca1f9fa5b,eb7a5ff65bb651f1ceb3c6f464977bb45f48c2c876d657f9036d840d5aea3866,style_1nn,PatriciaCommins,4.1508749543676,C50train/PatriciaCommins/15778newsML.txt
PatriciaCommins,456459newsML.txt,C50test/PatriciaCommins/456459newsML.txt,official_test,cc6c85a3772aef6e52153bc8abbb8d115dcf832c44e12065603d718fed44d3cd,c1b65fa90c7b88e048b9c59e17a6c65502b1fd9d1ff88f106217b4b3edae1d84,style_1nn,TimFarrand,4.719300362718651,C50train/TimFarrand/152851newsML.txt
PatriciaCommins,466395newsML.txt,C50test/PatriciaCommins/466395newsML.txt,official_test,d3e07145e3bc13df84730b7e80a1489bffe8fdc90ec509a362a9d3533792acbd,256b042ff2cc5a24df017502fb18934730e95968fe4ae8620384089226cbbe46,style_1nn,PatriciaCommins,3.106803696853343,C50train/PatriciaCommins/15778newsML.txt
WilliamKazer,305704newsML.txt,C50test/WilliamKazer/305704newsML.txt,official_test,71308d534380519c800ccd17a59b9df9bf6309b67a528b5c4fb081138740acd5,1a35d5cf630519577dea0bd398d18cf114e7e882ebbfc5260458600b346ee3f7,style_centroid,WilliamKazer,5.999915833370858,author centroid
WilliamKazer,316238newsML.txt,C50test/WilliamKazer/316238newsML.txt,official_test,960ae6960870252ca310729eb10e16bc41b1f521eb87450cceddf0337a0f6fcc,6e3b5f4c13c9b4071314a6b8cfa1035ccd631db61fe5d5a7f4be25fdeed9d703,style_centroid,WilliamKazer,4.249979166273687,author centroid
WilliamKazer,320093newsML.txt,C50test/WilliamKazer/320093newsML.txt,official_test,f6d4725ac7e3ec1964bf97df48d1226230d50c0e48573e012ee3c597f5e65175,2709974451e2671bfac4ba9fc55da0082d368db2218c7131f0c92849a5998bd9,style_centroid,WilliamKazer,3.2503283116657573,author centroid
WilliamKazer,323030newsML.txt,C50test/WilliamKazer/323030newsML.txt,official_test,0f9a6432fd0efc343120d622c09a07a1b897338fd6cc6f91728647f53f2df236,261540838810d10c5f506fee20b3c0b715fdd5f03782c721e483668d38ce667f,style_centroid,WilliamKazer,4.466428717087489,author centroid
WilliamKazer,323194newsML.txt,C50test/WilliamKazer/323194newsML.txt,official_test,98b31cfb46588c6f147ce2562be08e1b1e90f7990801101f46500ee0eedad8ba,e81bd1350e81b1b7bf73dd225ca351fb56392d2994d785c0138fa4db4f2752ce,style_centroid,TimFarrand,4.028911277116839,author centroid
WilliamKazer,326930newsML.txt,C50test/WilliamKazer/326930newsML.txt,official_test,880a8b74822555fb32b825452cd72c32978a94a9a93dace5e0fef34ca0284b94,c98a07330b65c014024de2add23bd59ccf73579db125bac3079d4096b51741e2,style_centroid,WilliamKazer,3.6437649739704816,author centroid
WilliamKazer,345482newsML.txt,C50test/WilliamKazer/345482newsML.txt,official_test,0d07d8c741d89e38dad77c4daec278a482429e4d92339d74656ff188609eb58f,aea20c73ee9a70087cde672bcb425d6dfd5897287a554237c810e03fefa7b09a,style_centroid,WilliamKazer,5.1215034406459665,author centroid
WilliamKazer,352827newsML.txt,C50test/WilliamKazer/352827newsML.txt,official_test,7b3e088ec63c9f08baa78bd280715b162bd060e853562c84f444139bb2f2785e,bff53538fb0879fcc19aca91ac8692b4df44e650f499de8c558fae8dc4f4737d,style_centroid,WilliamKazer,3.4966959152971917,author centroid
WilliamKazer,391142newsML.txt,C50test/WilliamKazer/391142newsML.txt,official_test,b647b8384f7a6523840a91ad8361c59077b66ad547284676f2674963c9a50244,b6c99daddbf73a280a7824e52ffaf580b04bdcfba8280335f7b41b398efc79da,style_centroid,TimFarrand,10.742815110558444,author centroid
WilliamKazer,395504newsML.txt,C50test/WilliamKazer/395504newsML.txt,official_test,f27719c19ee09dd6d837dfe86dee12ffa8b9293d8aa6990673ccfdda9a9600b2,45b199a91b8966b8396a0e913c13cace160d08e43b9e838cf5d99c7ad88909d1,style_centroid,WilliamKazer,3.446259200835981,author centroid
WilliamKazer,395790newsML.txt,C50test/WilliamKazer/395790newsML.txt,official_test,570f9ce391c36dbd493a2d7fb272749d55bdb7b1b2f004779e507615e87657dc,ba98ceca8b967dc982370faf62bcfd3d1c3db6aa3ce5e0068a2895141c2bd135,style_centroid,WilliamKazer,3.491343041403777,author centroid
WilliamKazer,396207newsML.txt,C50test/WilliamKazer/396207newsML.txt,official_test,9f751a9a2b1d636538ae9760ee935cc0fab4a8dbd60651671a90fc1f4b75a4cc,d3107cfa1bec2a8acb3e825801133f78cd26eb844435cc6f853219c1fb13c7b0,style_centroid,WilliamKazer,4.802797156221037,author centroid
WilliamKazer,396728newsML.txt,C50test/WilliamKazer/396728newsML.txt,official_test,9f2d4a2bb6a403301cab8b2f50718301e8f65739e09bbc4389f28cdec9457a21,c5ffc5c56125f97bbd00b9fca4614fbfab4c9baa6bdff4b0202e8b7fc3b02e1b,style_centroid,WilliamKazer,3.7406101026100416,author centroid
WilliamKazer,401033newsML.txt,C50test/WilliamKazer/401033newsML.txt,official_test,68c28a26c8eaa87c57bea1887eb4496c049e1e66600bfb20697517b6aa7b08b0,f7d4967d15da27f44c7a64e60f07dc8441f6e260f1620005f3950a1fccec9b49,style_centroid,TimFarrand,9.74194104817619,author centroid
WilliamKazer,402543newsML.txt,C50test/WilliamKazer/402543newsML.txt,official_test,9e050ecd34425de4c6dd0679e03d6ba3e7f674b8a48c900df3ce0b96004d4bb5,8f88c0340cdc91efd71fb060eb00c5f48012ac423d439e7e25d1e27e1563191e,style_centroid,WilliamKazer,5.335560920201076,author centroid
WilliamKazer,405326newsML.txt,C50test/WilliamKazer/405326newsML.txt,official_test,4a452de2b351d110b88b76454da6f0d2b899e4538f982d1594b0b4091c93facc,0cdc7b72b66fcdf0f7a7b3d90eec4727e95590a607bb1d755f5b874f940d8484,style_centroid,TimFarrand,5.641636122277139,author centroid
WilliamKazer,412098newsML.txt,C50test/WilliamKazer/412098newsML.txt,official_test,ea0fe6f60e8e2fa44fe16ceb4f334d83abe35a9698560c540539f22d05425d07,7320b4129c09b513e2dadf2e2f716b169a9f5527359bdcf0c89d3f642f7c33f9,style_centroid,WilliamKazer,2.9070589946236534,author centroid
WilliamKazer,416243newsML.txt,C50test/WilliamKazer/416243newsML.txt,official_test,6bb3703646ae71f3a6b4d5c7f54e9c7872bfc483da9985b0fc966ff411d21c25,40a15d8e9a396138483203acc8da520b83e6092c78324da0c0e735fcb66b0420,style_centroid,WilliamKazer,5.17082008637749,author centroid
WilliamKazer,417666newsML.txt,C50test/WilliamKazer/417666newsML.txt,official_test,e39c2888892485591fdf421784fc1e4bf1a418d5ed791621e1575cedfc725f97,564f7b1f3fff5a5b4506f66a64b22616332ab4480fdbe9d8d1a1004ce4d9f3f4,style_centroid,WilliamKazer,5.823594367070259,author centroid
WilliamKazer,425219newsML.txt,C50test/WilliamKazer/425219newsML.txt,official_test,f5334bcc520d1055e65372770420e9c34992b31ed42cef0838d0884829d52ccf,635db7f2c1251dbeab2feab486b95f2daed50c6a7abdfa4a4854275e17241e0a,style_centroid,WilliamKazer,4.590148854381919,author centroid
WilliamKazer,426551newsML.txt,C50test/WilliamKazer/426551newsML.txt,official_test,df900f3ac2d10784a32658486da858355c1817c44da5b7b45d04bb02b22571a2,d11d4606334663816147e3b6d8a393653ad38ddeed09193603f4e61743f7f250,style_centroid,WilliamKazer,3.442512534408975,author centroid
WilliamKazer,429173newsML.txt,C50test/WilliamKazer/429173newsML.txt,official_test,e7f27831c52164a84f8aece0bc254f722efc5b7b4a1922b98fd0b020fc9dfae3,fcc03a0f077b462fbdec99808e7ef3c0108abcdeb5b3017f86b02a646a27323c,style_centroid,WilliamKazer,3.3717406052364303,author centroid
WilliamKazer,430302newsML.txt,C50test/WilliamKazer/430302newsML.txt,official_test,1b06f794157b470c6c001e5c9350f6cd431f51fbf3c2f3c9d91fd93eaf80b1f4,fe37bdfec1a26d641a62cefa3b9cbfd9a214b47a94bef31a3b8c043fad4098f1,style_centroid,WilliamKazer,3.227293044895649,author centroid
WilliamKazer,436341newsML.txt,C50test/WilliamKazer/436341newsML.txt,official_test,61f7926a4551174fff4610ca087c50977b16d429361542d3c7db19159b940879,b9be1ed40ff444165c8b99499af80d37932d97d9cbc6190b2679cd9abb0814a4,style_centroid,WilliamKazer,3.96941830999353,author centroid
WilliamKazer,444197newsML.txt,C50test/WilliamKazer/444197newsML.txt,official_test,1210f28c6267c82a7406ac6f30f2acb926f9898d3993728f9ebef8a5afbddae4,fd8487cf56cc60efc683656e249b7fb4aafb6f9b4ddb53841714fa297198b685,style_centroid,TimFarrand,3.495994270842764,author centroid
WilliamKazer,444464newsML.txt,C50test/WilliamKazer/444464newsML.txt,official_test,07af85221632d0ca0dc4864235a5d788921bee0b8d832166791ad94f6a1d0f2e,574d53d5ee33af2294a026e690676c2b5712adcfd15b3603a36f3bf94321589e,style_centroid,WilliamKazer,5.566633256917056,author centroid
WilliamKazer,451527newsML.txt,C50test/WilliamKazer/451527newsML.txt,official_test,9f940f215d6aadd6aa6d89e00617fde96a61a6cd1c3cd2c0b47d735ce29c0d33,4643234e70fb461501367fbc82998e0cd8d1e0711e90946564dbd9a5ab9da49a,style_centroid,WilliamKazer,5.454576283062098,author centroid
WilliamKazer,456140newsML.txt,C50test/WilliamKazer/456140newsML.txt,official_test,e9159cdbd1b3abb19c7b3085e33329ea17ee28b7aede5202cd2659994d22a5e9,4e62249b0be6e625ba2fd744d8e5021dc7542467bdc8737689fcf4658a8519ea,style_centroid,WilliamKazer,4.470684792932317,author centroid
WilliamKazer,460924newsML.txt,C50test/WilliamKazer/460924newsML.txt,official_test,a059269743a82f4af1b051493f18fe0c40f2395c59c47a6e811943cd5411e5f8,e69e2ed7a1592a978fca0cd238d163fc9d2e1dfa8439e6b10d4d8a59bcc5be9e,style_centroid,WilliamKazer,4.813189567091096,author centroid
WilliamKazer,462143newsML.txt,C50test/WilliamKazer/462143newsML.txt,official_test,aadc65cf7497901fb360267ca0dfc29015d30655cd4e36f281464c4912576822,6044fc97eb01bba45b74b804a9e8998de467fea75cc95777e7a45f358dbc4cb8,style_centroid,TimFarrand,4.981236983503061,author centroid
WilliamKazer,462169newsML.txt,C50test/WilliamKazer/462169newsML.txt,official_test,907a620f67e492bacc2d5fe0cf68585374be259fb647b9307fceb43f370bddb5,c29be6b6e41c78ec5323a585813ac524c38d8f6cee8095fbd456b35a931c905e,style_centroid,PatriciaCommins,11.369942027817741,author centroid
WilliamKazer,46254newsML.txt,C50test/WilliamKazer/46254newsML.txt,official_test,895560bcc6d552a14f9d1e95b7f1c9da2146ae3fb0eeaa390b215ec97a8c0ea4,cb02c6d22dd83320ca8075010973fffbeea656982595c9d13db140d9f989e9e5,style_centroid,WilliamKazer,5.2950190555535945,author centroid
WilliamKazer,463380newsML.txt,C50test/WilliamKazer/463380newsML.txt,official_test,a99018406ead17014547c22415cb65f2b77b568a8d41f348bc2c81127346a998,3f85a7f6cce68b48035569b8200912d4085a196ca53ffc884f2d545cc42e37a8,style_centroid,WilliamKazer,7.526296800330441,author centroid
WilliamKazer,464888newsML.txt,C50test/WilliamKazer/464888newsML.txt,official_test,94ec65185505cdd76b469a5ef647d6a2e4625e1877b965464523ee37207ca62b,2ed095e7006fd11ae86f338df7be5e58c498924147d06fc119ff7f875aa0f595,style_centroid,WilliamKazer,4.4239314339453815,author centroid
WilliamKazer,466101newsML.txt,C50test/WilliamKazer/466101newsML.txt,official_test,9bcc0dd366bf75747d295c3863145ef7f3143c963de3ab8097d2f822de00d98b,f1504bd70b555695b3299dfe486b6db077982cceaecbac650aaf548dd2858000,style_centroid,TimFarrand,4.14365750612328,author centroid
WilliamKazer,467718newsML.txt,C50test/WilliamKazer/467718newsML.txt,official_test,889d4b10705c74dab9fdd92dd011001340ce80cceecba1a1d4b5cedc24ac8c6d,6ec2a42d935026b6800f507eacf749cd2af2237ca3440601d74a13458c1f81cd,style_centroid,WilliamKazer,2.433345483129392,author centroid
WilliamKazer,467962newsML.txt,C50test/WilliamKazer/467962newsML.txt,official_test,39c3ed88f7c4007f418d15b44a3ecbbb1a59cadcbb0b3caae187af077c48941b,f137049c461299ba795e287925c710998ad3ff11331d809ed873298cd6187ab2,style_centroid,WilliamKazer,4.2050173491639615,author centroid
WilliamKazer,473642newsML.txt,C50test/WilliamKazer/473642newsML.txt,official_test,15db2d315c8341e7d5f65189e4dc8d087a6eac4d15c11390ed7ac5795d7e1c04,8bdbd92aee3b02901833e0ea30a8fcb2bdb06048aa7946e3a0f1220ddb212d8a,style_centroid,WilliamKazer,3.248275023951328,author centroid
WilliamKazer,475305newsML.txt,C50test/WilliamKazer/475305newsML.txt,official_test,16d31a1ede6e77a50c08de998637ce19de04355b9961bf4cc8618801bb7a7d26,a7798ff022bb27de1872a7fc5d99cb92968b02978c348841f22de08ccd362f3f,style_centroid,WilliamKazer,4.408016493715217,author centroid
WilliamKazer,475505newsML.txt,C50test/WilliamKazer/475505newsML.txt,official_test,feca3710fed247eeb1d67225b46748110412b5cf90c0d4fbe103e2b6c9998ded,eeac943aae566448fe8a8a8e45dffa7ba482a3c7001d14bff5ee009235dd9eba,style_centroid,WilliamKazer,4.408016493715217,author centroid
WilliamKazer,476736newsML.txt,C50test/WilliamKazer/476736newsML.txt,official_test,22544d4477fb8d6979f9238134735ed3ba08136d4efe7070eef71f9973dd8144,6c685f8144f3199210461c9116bf9ebb91f08aeeede237ca620d85b5a083e7bf,style_centroid,WilliamKazer,2.9839716088482575,author centroid
WilliamKazer,480381newsML.txt,C50test/WilliamKazer/480381newsML.txt,official_test,73d6db972a00084f997185b29dca776b5cd0c128d10b1981bf914ea1977d0a89,cf123b6748571f5e1929ca8dd647c956c151e6fa7c50caedcb900ff2e5a0120e,style_centroid,PatriciaCommins,2.90138714457329,author centroid
WilliamKazer,489283newsML.txt,C50test/WilliamKazer/489283newsML.txt,official_test,ea80fc663c400058dd52997eb2625a72e16d192fb31d4eaccb19be37318e3568,e65f52d249cf06578df3f7bdc752e2979246935230440f2e2b71e8d071550b5c,style_centroid,WilliamKazer,3.806402387415685,author centroid
WilliamKazer,491019newsML.txt,C50test/WilliamKazer/491019newsML.txt,official_test,ba33562989f63a6b16102e7e08e7ee62997da5dee63b02089a35175df355fee5,d0e8e0714df99781eadb5ac0497f07491cd19762ca7a210ae892b0850749d7c7,style_centroid,TimFarrand,3.0866249613997483,author centroid
WilliamKazer,49404newsML.txt,C50test/WilliamKazer/49404newsML.txt,official_test,136679275e3b84056a1181cebf416b13d874e4681e3f302bc996f3019fdab0d7,698cda645650e912ce51478b24c4785768b207f1152ed8ebc0dcdc81d43b5566,style_centroid,WilliamKazer,5.791739351991843,author centroid
WilliamKazer,504283newsML.txt,C50test/WilliamKazer/504283newsML.txt,official_test,6103bb7cd2f5104d8e533bd6b3af8c2bb1ede5e64b323b718fc14675bb7dc808,235642e5caa1b9a1e93a3d7b432e4f5110f5d44851a5fc17194e684623e05382,style_centroid,WilliamKazer,3.5420466949462877,author centroid
WilliamKazer,504526newsML.txt,C50test/WilliamKazer/504526newsML.txt,official_test,c9ebd386d8a7ccfe8f31c10a0315351d2b0a7c9f77315fe0f121b32b2c90984e,a5d42fd681e4e4bdf3334fa0949771865b60745fe2599f8aaf7a9a30f99bfe60,style_centroid,WilliamKazer,3.5420466949462877,author centroid
WilliamKazer,51502newsML.txt,C50test/WilliamKazer/51502newsML.txt,official_test,4e8e1d954f992ea93ac589441f07948d6af8edde80f2f2e818bec04693dbcc44,bff382c7266b92cf47eb9c323ddaa1660809fd6ba7f498d813249cd752f2ebe3,style_centroid,WilliamKazer,5.330779366855259,author centroid
WilliamKazer,522090newsML.txt,C50test/WilliamKazer/522090newsML.txt,official_test,7dc1a2f42e6bcf718b05b7449c59328c0ad910062af04c0a8a493fbfa31bbfff,35aafdd91e7bcbae43cc6fde755f6edc068b26061658cd32afcc6b686266a69c,style_centroid,WilliamKazer,4.459014650988238,author centroid
WilliamKazer,58312newsML.txt,C50test/WilliamKazer/58312newsML.txt,official_test,9de1364390bc82237ec7ea814234e85a0e2f622a64e418b2345f769292c787b5,451f6c76dc0aa7128527724591a7374028a6b1d808e2b30e7419ca2956f43b6c,style_centroid,WilliamKazer,13.726128027544728,author centroid
TimFarrand,244215newsML.txt,C50test/TimFarrand/244215newsML.txt,official_test,22067c7575a304ad9088969aa6379dc01a82189e1e57e5638e0f8595dbf86840,9bcf741baf10c90ab4ab94ad49b0aa7d12a227f6bce9d0daffb3c04c42ad66b6,style_centroid,TimFarrand,5.255256996662099,author centroid
TimFarrand,247062newsML.txt,C50test/TimFarrand/247062newsML.txt,official_test,c490c298703134a67e2766847a1efc2e8487b239da10c25201bbe0e923071228,051ffeb4353ba3bde21de8fd9bdceea80d8623537922c7c7f8085c1552f83ed4,style_centroid,WilliamKazer,8.522279309900346,author centroid
TimFarrand,24919newsML.txt,C50test/TimFarrand/24919newsML.txt,official_test,04ce3f3fc91dda076af08bed4fe1760bac3d62d8cf62e10faca05f6bb7e354cb,193611cad0c05fc3f9485631b20e4e5df3716bfdc9f2545d1c9ed0b42a7312c3,style_centroid,TimFarrand,7.567750164353089,author centroid
TimFarrand,250585newsML.txt,C50test/TimFarrand/250585newsML.txt,official_test,b8a8d4217b826641579019a3c33c62d336675203147cd352d515e52b5d6a6e79,d370c12635b5f126db314990b1acc16c902afb14d08fca33233c33eddd5965e5,style_centroid,TimFarrand,5.156057279176772,author centroid
TimFarrand,253041newsML.txt,C50test/TimFarrand/253041newsML.txt,official_test,2aa18b4b648e533f8be1b56eb8ba5902dbd817ae8b2eb6169ba89ae5440f91a5,9e45d6505a0e688885fc5138a7e596985e55f2cef41ad2004cdda77f2ad19d84,style_centroid,TimFarrand,3.346124632116848,author centroid
TimFarrand,253128newsML.txt,C50test/TimFarrand/253128newsML.txt,official_test,e09eb117797867d779d3ad325f06508405ff0b056e332f3d4a445c81cfc789df,294ac0e614e8eb1886778e83a5bf1442e56973693c682efffc38c1d77f498360,style_centroid,TimFarrand,4.185905051171885,author centroid
TimFarrand,258162newsML.txt,C50test/TimFarrand/258162newsML.txt,official_test,076db284e27d7a5f9bcfc1c19505ed70694d7e28c740cf649e152519b6f6feb5,06d30e3abfb01b2c457933758e389226b689e387af6303a838dac0bbd1ffa1d5,style_centroid,TimFarrand,3.6818332766921986,author centroid
TimFarrand,259532newsML.txt,C50test/TimFarrand/259532newsML.txt,official_test,6c8a6712c5f476ac6397b92a928d2e565c8b27a73d13a15baadc9250735e17ac,b41f93a316866486e521e8f64264a0eb949d36888fdf9525ebf748294d70e946,style_centroid,TimFarrand,4.662708626522732,author centroid
TimFarrand,262620newsML.txt,C50test/TimFarrand/262620newsML.txt,official_test,406ba2d96b0ba15bdde1f363b518a571668e65f38aa80c97ca4a34d2e4df75be,856f78d988b5fb1380e505d33b8c0aa4b09ccc98b938c88cbc5e028e0580ba3d,style_centroid,TimFarrand,3.9712401771052313,author centroid
TimFarrand,262644newsML.txt,C50test/TimFarrand/262644newsML.txt,official_test,49e1bd7d890a49fb8a478f6ff16ec8c99ae523d5a828762b6e30478ed24ee5a9,20c6a1a1600c439bb588b87b548185d60b3a910fe02877b076dec9683c3cf556,style_centroid,TimFarrand,3.6350413476581727,author centroid
TimFarrand,267753newsML.txt,C50test/TimFarrand/267753newsML.txt,official_test,cf6682a30ce6c49e092d523eb134337dbd7f1daaf42882697abd70f790a6436c,3d97ef6ff789c83590f7b5aed8ea5d3356c99e04d557f4557aba494c9e540fb4,style_centroid,TimFarrand,10.800180248972438,author centroid
TimFarrand,267997newsML.txt,C50test/TimFarrand/267997newsML.txt,official_test,756b5ed5e812748bdea26ba708085a9785ca759b07462fa4fae4612d3a53389e,b6b6ec6190a0361a557be6402fbf867b278d23c104f02afc5727274b1d3a48c3,style_centroid,TimFarrand,6.222284920029556,author centroid
TimFarrand,292123newsML.txt,C50test/TimFarrand/292123newsML.txt,official_test,e95204aec0f7373800ebc47bff77f2854bcb2ea73033092b9614bfc84ee82d0e,3175a2377f06276eeb74a93a61a9ae2cc0dde40b146911af5dec217b3bd17bf6,style_centroid,TimFarrand,3.5244843463894284,author centroid
TimFarrand,306551newsML.txt,C50test/TimFarrand/306551newsML.txt,official_test,0aebb131691b6ee2aea9cbd565a0efad96b91c71c58d90a7b21bee524ec34cbd,a0b291d1b393390b6f83d01da067c787d7b81fee9c84c6aaf9051dbc12b55376,style_centroid,TimFarrand,8.788575259682233,author centroid
TimFarrand,307168newsML.txt,C50test/TimFarrand/307168newsML.txt,official_test,71894d271fc947b6b0fe9e0d64edf6cd3ea45641505771896a8ddbf8f98360e1,a28d55bf0ab12b9d5fa2e25c48cc30d15579790c4a7ed78fe6e5afd10f805d1e,style_centroid,WilliamKazer,10.096974811172357,author centroid
TimFarrand,309610newsML.txt,C50test/TimFarrand/309610newsML.txt,official_test,b7abb1b0798609a880bdf8a42fa7224c62ee9bb837e28899d912b3762e832253,fd004a930f85034df5e5f9133a7fa6e2d43acc94d7b2fe1cff088680b3f285dc,style_centroid,TimFarrand,4.542527691116615,author centroid
TimFarrand,31031newsML.txt,C50test/TimFarrand/31031newsML.txt,official_test,4721e41dfdf3d2265f6eb14412f7ae7d3c80fc62aec6b16b62665cd8b8c41c3b,de6592126ef0cbb7aeb0979aa4c9ac79af5c78518ca75d6e91a1b7c7bf4d71db,style_centroid,TimFarrand,4.036525997287102,author centroid
TimFarrand,31143newsML.txt,C50test/TimFarrand/31143newsML.txt,official_test,a0f2407b1ca416d89fd3567b361f4ac1d2ce568045d6e67160f4331307c9b4b5,d3b881f281c661ef2c073f006d734706a9f7a0555846eea2a7ea1a6930a21439,style_centroid,TimFarrand,4.273589515678034,author centroid
TimFarrand,315548newsML.txt,C50test/TimFarrand/315548newsML.txt,official_test,0f7e4d9517c4886016f8464b34ff869ded6297541894dc41e5289b811c616d1f,786599e10095811a9eca3382006d0af851114ca42e9daca1fd47b56c63183479,style_centroid,TimFarrand,3.3525880148586475,author centroid
TimFarrand,318218newsML.txt,C50test/TimFarrand/318218newsML.txt,official_test,955f5040be2ce329abebde53d508a13871ecca911958e8fc764d629114883af4,252fbd20509e158c0d5c88f9e18c14102f37ef90206cdb5da7440edf57227406,style_centroid,TimFarrand,4.750386440508952,author centroid
TimFarrand,325763newsML.txt,C50test/TimFarrand/325763newsML.txt,official_test,ac7d38c06a92b0338175cbf24a574e49ef0c85bfe98deb856974848f630d6190,ebb69877346e3ebd12c04254557a4707db3f3ed277efaf45d843617d59dd1ebc,style_centroid,TimFarrand,3.8413522075881215,author centroid
TimFarrand,325855newsML.txt,C50test/TimFarrand/325855newsML.txt,official_test,395a6679ca84a2c5971ea50e90ded6002a53d58b9f7a6a03432854a134747fea,348dad08e95ef0171498c7254ebb7cede8fee84b8df6472c6649f30fd25947d6,style_centroid,TimFarrand,4.556693501901562,author centroid
TimFarrand,326348newsML.txt,C50test/TimFarrand/326348newsML.txt,official_test,5b8f5404ef3e3a5307d667a269687b753e9f9c7a8146bacb4d5a3018b615bb0e,437a2cf0ffcb14e9ddadfa7921fb0cc680d8081cddd8e49c4b32fe2318d75e9d,style_centroid,TimFarrand,5.24303793817523,author centroid
TimFarrand,34067newsML.txt,C50test/TimFarrand/34067newsML.txt,official_test,c09fe35a0b136bcd57cf37deafdf9c5900d5cc718e3a78089ad6fdd5946f4984,8f826fac0e74730023690d4836cd16aebb1c194f01812344283ce1dc0bcb9532,style_centroid,TimFarrand,4.589902458260246,author centroid
TimFarrand,345001newsML.txt,C50test/TimFarrand/345001newsML.txt,official_test,3b69b6d958f94011155ace351ab788881e09abb4a3d4f9347799a20df0eb163a,f96ce4643828e1f0cafbc156bc0993b5fd863fcb46a6b858b93cbbf165bee5ad,style_centroid,TimFarrand,4.853501285557154,author centroid
TimFarrand,361229newsML.txt,C50test/TimFarrand/361229newsML.txt,official_test,444544184c141f06244c4d5ee39b35602b8a714a00ebc6e13147da3d2c9c24c0,2b2f097d20305d7d32559dd7b8d8237ff0c0c04eca017a70fd62d7fa782ec6a2,style_centroid,WilliamKazer,6.12879316414397,author centroid
TimFarrand,364018newsML.txt,C50test/TimFarrand/364018newsML.txt,official_test,3c49f39a720e95cd9d1126050513babf848b07ced8edd2c401bee80f7f70a4b6,75e77ce23dd7c091e09c92d1394375416711f228436a6c18ee89dc28938be891,style_centroid,WilliamKazer,4.829859207814801,author centroid
TimFarrand,364077newsML.txt,C50test/TimFarrand/364077newsML.txt,official_test,c24de8cc9cdcf64fb956cd44b71378740b54bbe8641d2f6faf0bdd7871d3bdb4,09bcc4bbacd00a633558b5f5cb414692e4a34e7571c4cbb045391bc85582701f,style_centroid,WilliamKazer,4.829859207814801,author centroid
TimFarrand,367648newsML.txt,C50test/TimFarrand/367648newsML.txt,official_test,5b6212088a19509c97222645bb8ab849965de9379be8a577a2ed9383ae165b19,88e9e6c79c353995ba9fcbc78d752cb0fafad2b63bc2a68c23fc481871f3ab69,style_centroid,TimFarrand,4.982620435072223,author centroid
TimFarrand,368884newsML.txt,C50test/TimFarrand/368884newsML.txt,official_test,c5e5b04d6808f0f966bee36c088098ba4ab76714e6bfe8f87ca494b7cf02de15,13bb9ade912cd413e1b044bb4c11b5bc9c3b5a20847631440b1d04f644aec5c1,style_centroid,WilliamKazer,5.027303230021563,author centroid
TimFarrand,370324newsML.txt,C50test/TimFarrand/370324newsML.txt,official_test,5e51e559957119b814a412b6c24ca0c353f4025b591648080779c565495553bd,6b94f00b25d9136d1e4eb8da812bbb48e99b87f27b0d3392b78295bbe7d63545,style_centroid,TimFarrand,4.7861243047718895,author centroid
TimFarrand,370357newsML.txt,C50test/TimFarrand/370357newsML.txt,official_test,f49231b7aa0397df5a0936d9387cceb88c8e54bc661db0ea7dda61dd10e9cf87,54e54e9ac473ef9dfd34006b0b7c96abe1183e42b980a6d65da708f07adc40f1,style_centroid,WilliamKazer,5.8469537324282514,author centroid
TimFarrand,394805newsML.txt,C50test/TimFarrand/394805newsML.txt,official_test,8d789c2b080c218392ac30649ca093dfaaa83d8ec32c78beda93ea9b5bf31653,e2ce51ea42cf4498cba4cc6fdc14a4c64921aa5aea85f1ed6019bc7422bb7bb8,style_centroid,TimFarrand,5.1684096165050635,author centroid
TimFarrand,394806newsML.txt,C50test/TimFarrand/394806newsML.txt,official_test,6ff8e1ddba7fb67d9bcdbf4e41ab915e7ec91d2eed120b7e29ef54c3b4b01954,f3f0a4b223b38f6824f3fe2ad1dbe0fdb62aa034ea70d3d8723e13fd561bba09,style_centroid,TimFarrand,6.434652566557758,author centroid
TimFarrand,406917newsML.txt,C50test/TimFarrand/406917newsML.txt,official_test,6db53412c0a48ed35f23522e4b346d71fad293a88da1fef2ceae67fe148da688,a6c8a092d2bef2004e6142d4f55b3f36072bdfc27476ef6d7977fb6a7a7d84d6,style_centroid,TimFarrand,4.5260486616640625,author centroid
TimFarrand,408132newsML.txt,C50test/TimFarrand/408132newsML.txt,official_test,e2244bdb2026559d91af1ef4c8fc249fc6c62a1b6754ac67ba374a27c3ae3cab,c4ab98bc67b40f3c890ba29fe8a948a58a860e8e11ffb0d5c558b3268b1b3e8b,style_centroid,TimFarrand,5.711799983123211,author centroid
TimFarrand,408804newsML.txt,C50test/TimFarrand/408804newsML.txt,official_test,14e28a897d8536a2ca19c65318c0e5ddbbdcb2fe13890282960208f5a5d32c70,fb751530c293653b37bdc83fb3fbe3b5ada8dcc79761ae70f0f5a64c093592b3,style_centroid,TimFarrand,11.9532808579645,author centroid
TimFarrand,417103newsML.txt,C50test/TimFarrand/417103newsML.txt,official_test,00ccdee69a68a99d4ba2b13efcf5159605c5ba8a5f08ff6acbf5c9eacbdfd41d,17252113ec30bad600801ded5e9b31d9a491ffbfe72635dd22a8478d8de958e3,style_centroid,TimFarrand,4.1792256845124465,author centroid
TimFarrand,420491newsML.txt,C50test/TimFarrand/420491newsML.txt,official_test,5bd081a2399e1e4fd9b412267f5f43b6ea61316684acd0f643e32f88dfa7429f,644beb468544dbe057c97acffc7455453f0dc3403cd4e70a4723e33d09f3b1b4,style_centroid,WilliamKazer,3.9221254691568537,author centroid
TimFarrand,420497newsML.txt,C50test/TimFarrand/420497newsML.txt,official_test,b9d01c638fb2c1d756fa7bd5a0983e3c1179163de65c3a27e48f416e33863774,19ccc088a5fdb2fc844d8ea6ea2faa620d436b4e5352a5bd9fa506de4cfc9e25,style_centroid,TimFarrand,3.799229401421037,author centroid
TimFarrand,421639newsML.txt,C50test/TimFarrand/421639newsML.txt,official_test,840b23696ba63e637d2c7c21806aa1ef681c0be42114b0374f21acf6e2e55bed,d063f5a00a655e824b1f38eff2b16e5aab565c9f41d5ba775ef49d7b48b6c086,style_centroid,WilliamKazer,4.114714270912803,author centroid
TimFarrand,422052newsML.txt,C50test/TimFarrand/422052newsML.txt,official_test,4194011a29294717ba9ca813b30c55e40d3713d08bc7c172dad08d58cf675af0,55ea2b42d5110a23f9b47e8bd9572144a59627d5c8fc1c74a9d9dec665e99321,style_centroid,WilliamKazer,4.114714270912803,author centroid
TimFarrand,422134newsML.txt,C50test/TimFarrand/422134newsML.txt,official_test,b61d079cb4f4260bb7aa7eacb28a5d0f9b506316e2768e9310db34c5e91fa478,56a2cc6636c00c1f9a3fad82ec317771e9e4c777af34158de02f7d65e1d5052a,style_centroid,WilliamKazer,4.158994544747892,author centroid
TimFarrand,424443newsML.txt,C50test/TimFarrand/424443newsML.txt,official_test,52f44ace93da136c2db0c41dbab320f7bd57d437c9836378ef978d83b4e21446,aec93ff651f7f6fc3c885de5e68667c954fce92985efc1ebb12015c4735b22b2,style_centroid,TimFarrand,3.3272398759121606,author centroid
TimFarrand,424512newsML.txt,C50test/TimFarrand/424512newsML.txt,official_test,d3395a7089e88ee66f0cca186151b443461ed9b8b42376e4485b3c242d8646b3,78304b49544bbdd2558a324fbc2be6c786a056f65c38eb5797a015be2d3cb6e5,style_centroid,TimFarrand,5.3114525797466206,author centroid
TimFarrand,425010newsML.txt,C50test/TimFarrand/425010newsML.txt,official_test,2fd7c2699fb656f1f09ebb0716f8cc44417f6ff98d6e221074547b831d137f04,35dbb6a7ad8811dbfded12f584efa087355211d41f62934106b8410dc21b3151,style_centroid,TimFarrand,9.038267255874475,author centroid
TimFarrand,427280newsML.txt,C50test/TimFarrand/427280newsML.txt,official_test,c8db776bb174c8f24ed2e2d13ef3d32d901f05c226274a1794f6e0a5bc4834bb,51f9a59f7408f0e2d1ffb0015521ec856e2a6392ecf5733ff6d985db8830ae0c,style_centroid,TimFarrand,4.204389719638528,author centroid
TimFarrand,438886newsML.txt,C50test/TimFarrand/438886newsML.txt,official_test,f8e0137b3874c10425a862c261693814aa9e96d7db6446ce9ba62e1f52e317ea,bfe5ed92cd3b7c15571fbef65b355d5ba7417f646be666089ab5542062280b66,style_centroid,TimFarrand,3.8248878476361217,author centroid
TimFarrand,438888newsML.txt,C50test/TimFarrand/438888newsML.txt,official_test,0d7791f252e51e892aa89968fd36211ac36f23d7af1fb1dc97da87b0a17433d6,43510ae966eaf0ca25cb3cd60b5908ad5d13fef039f54bb1c4394d1f62e0d308,style_centroid,TimFarrand,4.394963095630135,author centroid
TimFarrand,440541newsML.txt,C50test/TimFarrand/440541newsML.txt,official_test,1d4666504f24ee7527fe3defe1203c42a5ecad68c102a54c98f6c3249f0519f4,eb2102437b5ac4bb5d9a01633a211d02cdfe1bd2a9f9bf624c82bf8bf57b2c47,style_centroid,TimFarrand,3.8350740790000093,author centroid
PatriciaCommins,2911newsML.txt,C50test/PatriciaCommins/2911newsML.txt,official_test,79d3e436239be1c0014880d2f9081a16abb36ab7254bdeadb491c2f782591d88,ab908649e2e0800e5671cf9cde502bf6db7f850826c9b995e1b0f44c36afa30d,style_centroid,PatriciaCommins,5.76914333998765,author centroid
PatriciaCommins,293689newsML.txt,C50test/PatriciaCommins/293689newsML.txt,official_test,28497fa739c731b1d46d164f20735b40d887136927e299ca8585dee7dcf8352b,fe2361d8f6900408c7a59bf07cdae579a59447ed57052c8d1b5fe9eb1917934c,style_centroid,PatriciaCommins,3.611968362938383,author centroid
PatriciaCommins,294155newsML.txt,C50test/PatriciaCommins/294155newsML.txt,official_test,0f375df6170b2eec0b9262058102aa009acdbe2e249fe2aeed656372e80a6052,bd2ab60eea99975369329b10d23b684def83b1d2afde6d4f26b5546b879bb2a6,style_centroid,PatriciaCommins,3.609033051783089,author centroid
PatriciaCommins,29747newsML.txt,C50test/PatriciaCommins/29747newsML.txt,official_test,a0a448f65555246c88f53598de898b0573214c88a41169c3806410f5df05be09,1adafbcca5f6c94283b322cc31a899ff3c9083da38f96b0452a6a9ead982e15d,style_centroid,PatriciaCommins,4.335761769381519,author centroid
PatriciaCommins,302920newsML.txt,C50test/PatriciaCommins/302920newsML.txt,official_test,5d38309c1cef2e7b7a3f7e0cdea7a5d42d7c6f791dca7ebec5872d98d23eaf05,f636567130d43ab8c49650da537c71965e3ab51eb129eb2cdacd2fcf6309dd1d,style_centroid,PatriciaCommins,3.9124567463399496,author centroid
PatriciaCommins,303107newsML.txt,C50test/PatriciaCommins/303107newsML.txt,official_test,9a78f83651cbdbdd58df8a4a52027121c01dce57d4aa0c303ebde75661a73c5e,32cb367da0f6cfdff7dbcfa3c9d806730e8463661413e598a06e767777d0dd2e,style_centroid,PatriciaCommins,3.809717163555045,author centroid
PatriciaCommins,303415newsML.txt,C50test/PatriciaCommins/303415newsML.txt,official_test,a67f7344c9c75ffe6b93d6b07204ea777491d4bf57f9fd85bfcd1c2d30a23f96,533f926482d11c3147ba97034f8b8ce95570ce375c974e685885aa48a10e8ca9,style_centroid,PatriciaCommins,3.9124567463399496,author centroid
PatriciaCommins,314014newsML.txt,C50test/PatriciaCommins/314014newsML.txt,official_test,9871203499dd4e9a4c6a87b7778a079b06d0b69b9dd3d53d2485fb77bff66818,f68e4bf2b282baabe450a0f656465679f4d6a20d1620750da9caeda109808fd4,style_centroid,PatriciaCommins,3.0203483042704895,author centroid
PatriciaCommins,32110newsML.txt,C50test/PatriciaCommins/32110newsML.txt,official_test,10cf4e9efd13b58c6d4a458000de382719d8713d151035d4be2e855562b701b6,b961bd0877011015ae98d44b40df8c0e94f2a82200c90caf4649edba833f38e0,style_centroid,PatriciaCommins,4.091980596649973,author centroid
PatriciaCommins,331817newsML.txt,C50test/PatriciaCommins/331817newsML.txt,official_test,22027d065c0072890e115ea8513b1c9c68a7d00406906b0c1f78165f68dfb670,296ff8dcce1c1dd94c1f8572f9ab827af43a20fa32ef5db0a5556e84a650eaff,style_centroid,PatriciaCommins,3.674948071861823,author centroid
PatriciaCommins,334989newsML.txt,C50test/PatriciaCommins/334989newsML.txt,official_test,3f695ede20ec9036763c8a89ea313b67e2efbd38af83b7f786b861d2ef744e38,a06bbcfedb3827d1505b62ea3223eac774af9a972e6ad6ff1c0414caadb2652e,style_centroid,WilliamKazer,4.07913945271101,author centroid
PatriciaCommins,335312newsML.txt,C50test/PatriciaCommins/335312newsML.txt,official_test,35e60ddbf9826a4a3d810244b828663ce3cb2e4a74e5e3383409b039a102c1f5,10a7cbe2a669d52d9755380c1d089c1f6bb19812e7018e9003adf41d754cb05d,style_centroid,WilliamKazer,4.531644032516719,author centroid
PatriciaCommins,33704newsML.txt,C50test/PatriciaCommins/33704newsML.txt,official_test,adc979458440e08b881ad63817cdc3d1224b11e7cb8f459550adbdde95d2e245,c6f2c9f2e57d03e301a348687eecef921c31525d55b2acd09763dfc94f6e837a,style_centroid,PatriciaCommins,13.030814597087629,author centroid
PatriciaCommins,343984newsML.txt,C50test/PatriciaCommins/343984newsML.txt,official_test,592c08fda292161f036aa3fa4d2e8f70d5e4a59f1d8e291a02a4aef54f0b1997,e3f5e3bf153dbdbf1cd7a45ecc9a1de39db11e664e78f17ecc70f5fc518ea6ac,style_centroid,PatriciaCommins,5.004665499917756,author centroid
PatriciaCommins,347178newsML.txt,C50test/PatriciaCommins/347178newsML.txt,official_test,79b3dd7289fac6a3969ecadc7395abd03dc4d73cd9289d796583e2804fc69caa,4a871823992be946080b3bda91b8c956f5da60d4ac62078befe11c7ddf61defc,style_centroid,PatriciaCommins,4.22880039030299,author centroid
PatriciaCommins,35005newsML.txt,C50test/PatriciaCommins/35005newsML.txt,official_test,40457939763088d8322d2d937ad1322e839d32c58a3d8a0c5dffb56a304334ac,1cc0228bd5a39823bb04f09122cae6aaf6b54d1760ac2952023e624270d215d6,style_centroid,TimFarrand,12.266101375546693,author centroid
PatriciaCommins,350167newsML.txt,C50test/PatriciaCommins/350167newsML.txt,official_test,91b3b959d50ed2ef24b1ec75bd38f870bf92b4db6020007ffbf500f61e6e9cca,0e5ca46d7b2a8812549baee3f75eb2b7282d5fb846deacc3d0b1f9f38ee44743,style_centroid,PatriciaCommins,3.8259195241531216,author centroid
PatriciaCommins,351736newsML.txt,C50test/PatriciaCommins/351736newsML.txt,official_test,e665b69400733c398fe3f5b98e7090426f8eefae0e740d9fc91fa1ef48b2932c,ef1770ea364d25117e6674c8a744f8a5e1b10de908ffca0276680b6b308f80c0,style_centroid,PatriciaCommins,3.8309817908504518,author centroid
PatriciaCommins,357162newsML.txt,C50test/PatriciaCommins/357162newsML.txt,official_test,6514d43914cba3ba9f8328214de8b3da5c83e0204b6f647cee6f202ecb80b415,202941235be185d0910a075c20919740c6a2dc0de017eaa834f56b379331d207,style_centroid,PatriciaCommins,3.9520092714445196,author centroid
PatriciaCommins,357273newsML.txt,C50test/PatriciaCommins/357273newsML.txt,official_test,cfeed653cb0999125b5728ff8a03d9782dca391e308946ef6c31ae4918635141,169a90245b6dc9f52960f60fcf1e4dd38f4f997170b9ddfffdf6702cf11c5d25,style_centroid,PatriciaCommins,6.707670727696895,author centroid
PatriciaCommins,360832newsML.txt,C50test/PatriciaCommins/360832newsML.txt,official_test,7dfa197b885f3f0e690f2faac383888389b645a721add1390b3653da24a02eed,6ac55eb2a1f057d201e276acf745c403cf769243dff4c2db3b47e3ec07847850,style_centroid,PatriciaCommins,6.615889379602016,author centroid
PatriciaCommins,363833newsML.txt,C50test/PatriciaCommins/363833newsML.txt,official_test,e8644eac1b5e8b8dbaf2a39e58f52c1a6f1b1843ba03d296f7149a62fd353121,12d529203aec7db63f6afd63da5928bb9aec803b48dad5f875343e96efd22cba,style_centroid,PatriciaCommins,6.617008695818211,author centroid
PatriciaCommins,384813newsML.txt,C50test/PatriciaCommins/384813newsML.txt,official_test,ea6496dd9a9c64fec93238b675f605ae35dc8fc8f34f741ec775a4f6a55e8e23,7ff446fe2c3182f1ef003d143b84e27fc59dbf51072d57060c99c64a508f981e,style_centroid,PatriciaCommins,4.20255648241487,author centroid
PatriciaCommins,384968newsML.txt,C50test/PatriciaCommins/384968newsML.txt,official_test,d28dcb0b989597d767403e841f2f1ea6bcaff347cf2ad4932c9632d62213d1fd,b1c26110955932c3cd3b7cc3cf9470530b62c837d1c5e94768e36d07eee2134c,style_centroid,PatriciaCommins,3.501928847080047,author centroid
PatriciaCommins,384992newsML.txt,C50test/PatriciaCommins/384992newsML.txt,official_test,4a4e8197fc3ea7ff668a18387db85e923a572ebbfe5615ec108a547e9632902c,de2877ba7e1fb0f5f73a689c9a69339787747ca6f83352900480912cf2e71ac6,style_centroid,PatriciaCommins,4.030495972136696,author centroid
PatriciaCommins,386926newsML.txt,C50test/PatriciaCommins/386926newsML.txt,official_test,f4b23acd246cfbea5263ec7f70c90c1bf1e5c358d7a32774d2a7f5716fabd517,a8342ec1f0144288005844e731dfdb583d73623f08b148cab06fe63b90fa23ed,style_centroid,PatriciaCommins,3.0796734683423326,author centroid
PatriciaCommins,386989newsML.txt,C50test/PatriciaCommins/386989newsML.txt,official_test,d5159c84d56b7a05d0d3906cf9bb2adde289f6c261ed24ab4345fcf06101f9ad,85e9f2eacb8416061db035d37980ee9c8b1955839fd6f58d5df0f962eccc0345,style_centroid,PatriciaCommins,4.7351486269025855,author centroid
PatriciaCommins,388290newsML.txt,C50test/PatriciaCommins/388290newsML.txt,official_test,ca818692945506034feb3c6ebb54a6a1709c529ebaf96944f024876db841be84,90296905a1086fc357448f3e0909ab4d5f09834a5b1d81e5aea5af148be9d909,style_centroid,PatriciaCommins,4.312507569380826,author centroid
PatriciaCommins,388381newsML.txt,C50test/PatriciaCommins/388381newsML.txt,official_test,16d11ce3232bb49710621c885b7e1805423ca243c9d6ffcaa6ef621192051905,4f23040c3ef0ed860cae0fabd7abde4fa809a2711e567049c943a548912090d4,style_centroid,PatriciaCommins,3.3621709194810903,author centroid
PatriciaCommins,388386newsML.txt,C50test/PatriciaCommins/388386newsML.txt,official_test,08819bfcbff08056cff7b3c09fde14d3aca24d1a6990cf785444c4bee83a086e,97bab4ae36dbbef2a0e653c2800313c6b784331c4eb7d8ca9e0d095c8bf2ad1c,style_centroid,PatriciaCommins,4.40854939497632,author centroid
PatriciaCommins,390115newsML.txt,C50test/PatriciaCommins/390115newsML.txt,official_test,9fbb1dd4dc3024982d3c61f90f537d39322cbcc1feb8312943f0c235c9cc8336,339ab48de9ffa0475c28c0e0dcdc5f82a6a4de9efae16a53a78748c3f0030b03,style_centroid,PatriciaCommins,5.9815713361465335,author centroid
PatriciaCommins,391260newsML.txt,C50test/PatriciaCommins/391260newsML.txt,official_test,0d41dca8a1120bd95603ba58026ae30ec7c1b397afa793ce0ff9b046f7855fc1,fd0c2fbc8397a8db801c74e51148673e1e4dbc8ed57294614519036b28e2ced5,style_centroid,PatriciaCommins,4.611382875281257,author centroid
PatriciaCommins,391445newsML.txt,C50test/PatriciaCommins/391445newsML.txt,official_test,b6579db4c54a0f039ec8d4cf19389ac2b742b3aacd7ddc8532fb1197b96ecdd8,2a6080cba6fab420ac3edf37742b75f244b1c3ad15e1d0241692f404f8ed43d4,style_centroid,PatriciaCommins,4.4748633884989495,author centroid
PatriciaCommins,391498newsML.txt,C50test/PatriciaCommins/391498newsML.txt,official_test,3fbc15fe8c446d4768d350185859d8b028f27e3c693bf7e30dc01c6e0529db48,57b360ef4705053344a7f0da735cb18070e4e54b953222064956714b63673063,style_centroid,PatriciaCommins,5.816422445981668,author centroid
PatriciaCommins,397964newsML.txt,C50test/PatriciaCommins/397964newsML.txt,official_test,d22a5e4b25ff3b0974d43e9672c6d95ce62b4779478ef3158adcdb0e7b25fa7c,26320e04f24659975dd971a16e181f1d371c6a1fbc3fa80796253eaff901a8b4,style_centroid,PatriciaCommins,4.315456284990301,author centroid
PatriciaCommins,398230newsML.txt,C50test/PatriciaCommins/398230newsML.txt,official_test,8f14f7f56b486bf290937f36335167a37717434ea6a77c6034f94d96502fdfa7,bab52fa897d903650479e273e8890217e83728e17bd67e84736fa2b2ca5caf7c,style_centroid,PatriciaCommins,3.8423024907384202,author centroid
PatriciaCommins,404398newsML.txt,C50test/PatriciaCommins/404398newsML.txt,official_test,76f892a15d6ac1a80af49c1d1394ed6f570e8a7c0e8e64b7ab541360e5a112c5,862cd89aeaf6398f0022c9c32404015074b2c75b3dbeecc7460e788c52259735,style_centroid,PatriciaCommins,3.4504576530234448,author centroid
PatriciaCommins,404426newsML.txt,C50test/PatriciaCommins/404426newsML.txt,official_test,afcc645a3a8cb6f71b429fdb24692c1a131bdc37c0b23d6c76bc18b832f776e5,b9b13b164a484f124ed7d2c70b6504ab3b5e3d442680c8664d1b4d3402794518,style_centroid,TimFarrand,19.838849829183708,author centroid
PatriciaCommins,404982newsML.txt,C50test/PatriciaCommins/404982newsML.txt,official_test,4973660501f67aa698aec4330511206f7cbd7a1fe99dde2f9faa0da8d9e06a23,51eb8bd1eb485a326bf8e860b9af57bb0ebd27489420bb89963a740dd8d38175,style_centroid,PatriciaCommins,3.4053150260677425,author centroid
PatriciaCommins,404985newsML.txt,C50test/PatriciaCommins/404985newsML.txt,official_test,32d703ccfe9de1ca5fba53893f2c9f8c0c90db0c20e7d3fa66a172338cb802a4,a10e0a522481a1d9567b336c86df61320d44e7814492cb1c436ec187cf864a9e,style_centroid,PatriciaCommins,3.4341706226354844,author centroid
PatriciaCommins,407636newsML.txt,C50test/PatriciaCommins/407636newsML.txt,official_test,f25375e105d62fa15dae6cd7faeacfeeb7000293ff52aea2a5484c40707541ae,6486a193bd00097e7d8013b568953f1fd33d792c96229c5b6329f03d25fe90cf,style_centroid,WilliamKazer,9.39581558517744,author centroid
PatriciaCommins,413779newsML.txt,C50test/PatriciaCommins/413779newsML.txt,official_test,812593c5a74cfc841cf44e3301c70a80c104a84f899e7d1704f9af69146b7d72,6d9e2c3dd921152c478cc172d8a4019105ddab8093ed646a4eb8931cee194980,style_centroid,PatriciaCommins,2.630414835450951,author centroid
PatriciaCommins,415401newsML.txt,C50test/PatriciaCommins/415401newsML.txt,official_test,cb8af09c098bc288fc135a939ecbf82a6efc49b55c01698a6e0580038b912045,7a76381ae833eba6fdff3bf3ccb37bd74a43f131d8313ed3306ba5deebf88395,style_centroid,PatriciaCommins,2.632215855310561,author centroid
PatriciaCommins,429308newsML.txt,C50test/PatriciaCommins/429308newsML.txt,official_test,dc2219ca5238d937d45a1ccfd7429441e7e9499632460bfa33208ed24cad8c2a,7e2880972cc49dda5216de1be48413413b79c6fe97d6b33a056ec15f2f365300,style_centroid,PatriciaCommins,4.135547455055977,author centroid
PatriciaCommins,43225newsML.txt,C50test/PatriciaCommins/43225newsML.txt,official_test,1b4e2955a7b2597a160a132a4118028f5b4d73169705e8d23811cf15f2d08443,d0539cdb8e7e269070d44fcfc6314aaab95152c3c4676692e26b61eb510461a4,style_centroid,PatriciaCommins,4.209145850662345,author centroid
PatriciaCommins,433550newsML.txt,C50test/PatriciaCommins/433550newsML.txt,official_test,c4088fecdff0f4032b5239cda38901e71579dd5c8bc6c9bd997f805d90054e09,c4c5dc9636c100c223c44e6339838a232838b6a447597a2c361724cbbcb80d81,style_centroid,PatriciaCommins,4.738406694152714,author centroid
PatriciaCommins,436695newsML.txt,C50test/PatriciaCommins/436695newsML.txt,official_test,8b533cc0f5c3ab23f9b93968e61e42c9bd8c3cea41dd916d87f6b09f30ab3369,2c7941bf48d82b3be1f8ce4b214cb1add32789b852abbf144a6abeee5973a4a7,style_centroid,PatriciaCommins,4.579397606526004,author centroid
PatriciaCommins,450332newsML.txt,C50test/PatriciaCommins/450332newsML.txt,official_test,2b04c008bcd48b2b68b2b22db3ea804bd647d64f6c0419f3df36b06ca1f9fa5b,eb7a5ff65bb651f1ceb3c6f464977bb45f48c2c876d657f9036d840d5aea3866,style_centroid,PatriciaCommins,4.4927794310844575,author centroid
PatriciaCommins,456459newsML.txt,C50test/PatriciaCommins/456459newsML.txt,official_test,cc6c85a3772aef6e52153bc8abbb8d115dcf832c44e12065603d718fed44d3cd,c1b65fa90c7b88e048b9c59e17a6c65502b1fd9d1ff88f106217b4b3edae1d84,style_centroid,PatriciaCommins,5.466751695929182,author centroid
PatriciaCommins,466395newsML.txt,C50test/PatriciaCommins/466395newsML.txt,official_test,d3e07145e3bc13df84730b7e80a1489bffe8fdc90ec509a362a9d3533792acbd,256b042ff2cc5a24df017502fb18934730e95968fe4ae8620384089226cbbe46,style_centroid,PatriciaCommins,3.708894057870821,author centroid
