author,document,relative_path,role,sha256,text_sha256,mean_sentence_length,sentence_length_std,mean_word_length,type_token_ratio,stopword_ratio,function_a_per_1000,function_and_per_1000,function_as_per_1000,function_at_per_1000,function_but_per_1000,function_for_per_1000,function_from_per_1000,function_in_per_1000,function_of_per_1000,function_on_per_1000,function_or_per_1000,function_that_per_1000,function_the_per_1000,function_to_per_1000,function_with_per_1000,punctuation_comma_per_1000,punctuation_period_per_1000,punctuation_colon_per_1000,punctuation_semicolon_per_1000,punctuation_question_mark_per_1000,punctuation_exclamation_mark_per_1000
WilliamKazer,101226newsML.txt,C50train/WilliamKazer/101226newsML.txt,mystery,86ac77f503c7e16c2dc806cefb0575fd0101ff822ea4bba3e1e212fceab11a36,207aea7eb907b7f8b0bd4e1f4e1fd0a6b9dc686f38838e38cf39d5f8eccc3792,20.25,8.2044,4.9414,0.496914,0.450617,33.951,9.259,12.346,12.346,3.086,3.086,12.346,21.605,27.778,3.086,0.0,15.432,80.247,15.432,3.086,49.383,49.383,0.0,0.0,0.0,0.0
WilliamKazer,10321newsML.txt,C50train/WilliamKazer/10321newsML.txt,reference,f933540ab02974a6e737dc96f744b0a44504a2f8ac641c114556f276375724b3,0827f84246de72e930e5609b1d257145a4fe9024a77a09a5c4b1730b71c28b4c,21.2353,9.6743,4.8643,0.504155,0.459834,33.241,30.471,5.54,8.31,2.77,8.31,2.77,30.471,22.161,22.161,2.77,13.85,74.792,24.931,5.54,58.172,47.091,0.0,0.0,0.0,0.0
WilliamKazer,105226newsML.txt,C50train/WilliamKazer/105226newsML.txt,reference,f8ff4cf891c3134e39083f2d0ce3dd2cfbd8db2ded42f0f260ca62fb5b5511f3,05de1d6a9017b3103b050210b78ba310fdf3e1afe8926b7cf47c6a75d7bf9446,23.1429,8.0344,4.9136,0.509259,0.438272,37.037,21.605,0.0,0.0,6.173,3.086,3.086,21.605,40.123,9.259,3.086,9.259,61.728,9.259,0.0,43.21,43.21,0.0,0.0,0.0,0.0
WilliamKazer,106731newsML.txt,C50train/WilliamKazer/106731newsML.txt,reference,3f36ecb8697d1479e20deb980ba7c8a119d9d41f455525c671fabc299c7b3c55,9a833afc31d74e4750320371dce5a320e17ca5d511e212bea67b79489932692d,21.8824,7.4192,5.1452,0.524194,0.422043,48.387,16.129,2.688,5.376,0.0,13.441,8.065,29.57,24.194,8.065,0.0,10.753,45.699,18.817,5.376,48.387,45.699,2.688,0.0,0.0,0.0
WilliamKazer,108094newsML.txt,C50train/WilliamKazer/108094newsML.txt,reference,2a27413eef3da665b0a1e40dc30d28c904993ff90db3a2449446bb6da69a00dc,5ac64cb78a7d38d55c3845098e136ecaf78b1fc69a6abfac27f127242f8d345c,24.4762,7.4745,4.9903,0.474708,0.451362,42.802,11.673,5.837,3.891,7.782,13.619,0.0,21.401,25.292,9.728,1.946,9.728,50.584,33.074,5.837,42.802,40.856,0.0,0.0,0.0,0.0
WilliamKazer,113095newsML.txt,C50train/WilliamKazer/113095newsML.txt,reference,3caa62ab751b9500eb1917e947384ac588cafe8412491801e861247edab25566,1649e9381543fa6ba144c6ef2961cbc9ce06af463b7acff4976a8911b8c7f35f,20.5,4.5943,5.1847,0.554007,0.407666,3.484,41.812,3.484,0.0,0.0,13.937,0.0,10.453,48.78,6.969,0.0,13.937,41.812,34.843,6.969,66.202,48.78,0.0,0.0,0.0,0.0
WilliamKazer,113097newsML.txt,C50train/WilliamKazer/113097newsML.txt,reference,3eff671eee4393173ee7a012bbc07fbb76382a3aa6f5961b6128edb309ee3486,b04280ef511eb5de125b65fef74a1cab37910e087d7105ec5d88e0b9cfd291d9,26.1875,6.207,5.1384,0.513126,0.441527,9.547,14.32,23.866,0.0,4.773,7.16,7.16,19.093,21.48,14.32,11.933,16.706,38.186,33.413,4.773,31.026,38.186,0.0,0.0,0.0,0.0
WilliamKazer,115519newsML.txt,C50train/WilliamKazer/115519newsML.txt,reference,45d2f01e89d8eb242f625f74951a04523a5f5e0c412f71fccd76698636914831,870b5032c5aefc66ab574ea8d554a47ee2889fbcbc3b17d133e714fbab0a6336,21.25,8.1509,5.05,0.5,0.441176,26.471,23.529,0.0,5.882,0.0,11.765,2.941,23.529,20.588,26.471,0.0,26.471,38.235,5.882,0.0,41.176,47.059,2.941,0.0,0.0,0.0
WilliamKazer,118912newsML.txt,C50train/WilliamKazer/118912newsML.txt,reference,c3c79d8bb6b53c98ed17b765145bffac6ac6ce177f952cc73e567ed79f9697b3,bd8f10f05b8e1f7aa217f90d9f9fa7ccb393f2fc8d8f66563944bf0bd592a68d,23.0667,7.5495,5.0173,0.528902,0.395954,23.121,23.121,0.0,5.78,0.0,28.902,0.0,17.341,34.682,8.671,0.0,0.0,60.694,20.231,8.671,28.902,40.462,0.0,0.0,0.0,0.0
WilliamKazer,123484newsML.txt,C50train/WilliamKazer/123484newsML.txt,reference,697e0eaeaa13a40e82d1857730ed92f0f1ae5f6ed28af6a782ba4e9e91eb9c40,aa93908be34e354c7a188e42c34b898da46085032273c70491615c567cf690f1,24.8889,10.5772,4.75,0.484375,0.46875,33.482,8.929,2.232,4.464,6.696,4.464,4.464,17.857,51.339,17.857,0.0,24.554,55.804,35.714,4.464,53.571,40.179,0.0,0.0,0.0,0.0
WilliamKazer,125333newsML.txt,C50train/WilliamKazer/125333newsML.txt,reference,7c86d1d6c7b6fd82e23413a86666612aa5a1ea6a62e1a6a6f9e65bac5bd5a3ef,202c9b59301c5662bb286302b902098c750f1d86ed3f9db581d7a9dbce5f38f1,17.5556,7.6174,4.6741,0.443038,0.485759,15.823,14.241,4.747,6.329,12.658,15.823,7.911,22.152,30.063,6.329,9.494,4.747,56.962,28.481,6.329,44.304,55.38,0.0,0.0,0.0,0.0
WilliamKazer,126643newsML.txt,C50train/WilliamKazer/126643newsML.txt,reference,a30e39369daa30aed24285f9137549557205980a66f4409e324adf1045745e43,d7b077f5a5bf46d2198f31d1bed114f5977ad1226b24e63abb975ef14c79c864,19.65,8.1011,4.9313,0.498728,0.445293,17.812,30.534,10.178,7.634,2.545,5.089,7.634,22.901,25.445,5.089,2.545,0.0,45.802,27.99,0.0,48.346,50.891,2.545,0.0,0.0,0.0
WilliamKazer,12909newsML.txt,C50train/WilliamKazer/12909newsML.txt,reference,a86ac0f0406864d0ebc2ea00dedcc5918e911ac7712129963af8fcfe7bf6ff4b,c566f2fb10b36f963469ac5573b54a838069bea42ca33b52f6d1a4619cf7bda8,27.2105,8.2499,5.0909,0.512573,0.452611,11.605,9.671,9.671,3.868,9.671,9.671,7.737,13.54,21.277,17.408,9.671,15.474,61.896,30.948,15.474,50.29,36.75,0.0,0.0,0.0,0.0
WilliamKazer,129188newsML.txt,C50train/WilliamKazer/129188newsML.txt,reference,571600b424f7235e31a8806e8b68dc67d95fb21c0faf8e3abb310187fa4f1c85,e2a8dbc50d816f1275dd78e1ec4dcc52c19abb6dc642e4c349e52841d7df32ea,23.08,7.6154,4.9757,0.457539,0.436742,29.463,20.797,3.466,1.733,3.466,8.666,6.932,32.929,43.328,1.733,1.733,13.865,55.459,20.797,5.199,31.196,43.328,0.0,0.0,0.0,0.0
WilliamKazer,143490newsML.txt,C50train/WilliamKazer/143490newsML.txt,reference,9788ca9dd9c39a34f822082120a4e76692d6e524dee2c49a12ef6663bd3e6d4f,aca8904e35bc9fbfaa396a9af02dead53a45ba57d8376daf07be9722320a4f4d,23.9333,11.8179,4.9248,0.506964,0.493036,19.499,16.713,8.357,5.571,0.0,2.786,5.571,13.928,33.426,8.357,5.571,8.357,86.351,41.783,5.571,36.212,47.354,2.786,0.0,0.0,0.0
WilliamKazer,147523newsML.txt,C50train/WilliamKazer/147523newsML.txt,reference,ec9b5489e43f79de0a5eb79813f00284fa8543cadd6300795625225228a0189b,7c2cf2823c5c4408ba6f534975280821e5a099e97a31826bc62130aeb759decf,17.7826,7.8627,4.912,0.537897,0.447433,22.005,12.225,9.78,4.89,4.89,2.445,4.89,24.45,22.005,7.335,0.0,9.78,58.68,29.34,4.89,61.125,56.235,2.445,0.0,0.0,0.0
WilliamKazer,148885newsML.txt,C50train/WilliamKazer/148885newsML.txt,reference,51038cc5be1e46ca0be57dba14f3534fd58c95bdb733278f625f5f79d2a6535a,ba4f3964633f755cb2eebb1248598d4bd3bb782ec99cab400b91a79fe82b0b62,23.3158,7.5258,5.009,0.496614,0.451467,20.316,13.544,6.772,4.515,6.772,9.029,18.059,18.059,29.345,11.287,0.0,9.029,45.147,22.573,4.515,47.404,40.632,0.0,0.0,0.0,0.0
WilliamKazer,153448newsML.txt,C50train/WilliamKazer/153448newsML.txt,reference,c5d3b6b85100e332757bd72ff9a562aeeec342849e9e8c2a550832771cf6d8c5,06c8120698120fb03fd346eb363625d4f3fb986f241a757814830b0f661ed6d8,20.2222,7.0989,4.8489,0.535714,0.480769,8.242,2.747,8.242,5.495,13.736,8.242,2.747,10.989,41.209,8.242,2.747,10.989,76.923,32.967,2.747,41.209,49.451,0.0,0.0,0.0,0.0
WilliamKazer,165109newsML.txt,C50train/WilliamKazer/165109newsML.txt,reference,5bef2c858bd9852d9f15bca25d3276a80068cde9a3561f9ee8bd4b5b2bcaa1cf,4f6072e5a0554bbae3746bcba07ed097366504e22f4c1464da0d7c51a5b4d712,17.6667,6.2628,4.9434,0.528302,0.44717,22.642,24.528,13.208,3.774,5.66,13.208,5.66,16.981,24.528,3.774,0.0,3.774,50.943,28.302,11.321,47.17,56.604,0.0,0.0,0.0,0.0
WilliamKazer,169626newsML.txt,C50train/WilliamKazer/169626newsML.txt,reference,3fe2ecc08ccce2fceeaff459aaab0fbeabe64eeffa273b83c209c0a0a6db317e,228dcdda6633bcc6938076fce52cb4502b93c85314eb396dbb9e182f256e5a7c,25.619,9.1103,4.8959,0.496283,0.459108,29.74,29.74,9.294,0.0,1.859,7.435,5.576,27.881,33.457,13.011,0.0,9.294,72.491,24.164,3.717,53.903,39.033,0.0,0.0,0.0,0.0
WilliamKazer,178505newsML.txt,C50train/WilliamKazer/178505newsML.txt,reference,efc9f356c1a2adb8b377c2fa77fd6829db3e9b37d7e1c891d8f4a77ba66ddc46,c13dbba8d4f53cfd66b3cf500109e60e1fa1d123ca89793eb77c2a664c9b35a8,26.7647,5.0121,5.1341,0.531868,0.43956,21.978,24.176,6.593,0.0,4.396,13.187,4.396,21.978,39.56,10.989,0.0,6.593,54.945,37.363,0.0,39.56,37.363,0.0,0.0,0.0,0.0
WilliamKazer,178884newsML.txt,C50train/WilliamKazer/178884newsML.txt,reference,e0110fd90cb2ba0955583185f41d96f9980d2fecd4cfcc295e95be2f08f82c12,694535cac5d6dc129d8f6d9142959e8e4b56a3c386c55c20bf40ba21f8cab7dd,22.3529,8.9439,5.0684,0.557895,0.439474,18.421,23.684,0.0,2.632,2.632,10.526,2.632,18.421,31.579,13.158,0.0,5.263,44.737,31.579,10.526,36.842,44.737,0.0,0.0,0.0,0.0
WilliamKazer,180188newsML.txt,C50train/WilliamKazer/180188newsML.txt,reference,5feab216fbf284c3dd80f3c5aa9574cfe64a50ddd7c161733f58b5db84dc63ea,7c370ca2eb840db937708f89f1d26900be8d6d2170cfc8b687623c59cd6569d4,22.3529,9.1455,5.0658,0.555263,0.436842,18.421,23.684,0.0,2.632,5.263,10.526,2.632,18.421,31.579,18.421,0.0,2.632,44.737,28.947,10.526,34.211,44.737,0.0,0.0,0.0,0.0
WilliamKazer,188958newsML.txt,C50train/WilliamKazer/188958newsML.txt,reference,658d6bf2db07bafe1585d6a1a22ec83c7a21c0ad4eb25c68f028a7d8268b5b89,c609f44ab7b183c8fb2ab304a028faf67ff8eece3a038e2f3b2859c58217d48d,27.1579,11.2683,4.9922,0.492248,0.47093,11.628,11.628,3.876,5.814,9.69,11.628,1.938,15.504,23.256,17.442,0.0,19.38,67.829,46.512,3.876,31.008,38.76,0.0,0.0,0.0,0.0
WilliamKazer,195340newsML.txt,C50train/WilliamKazer/195340newsML.txt,reference,7216836c6ee75d6a5d87a5135b476f4c4dceef7e8ca250e6f333d2f833a4ea65,0ad21dc83dd144587ca4bc1438dc98b165c749ea4a1d6aea334ae444cac1c817,28.6875,7.4138,5.0458,0.522876,0.442266,26.144,28.322,8.715,6.536,0.0,2.179,6.536,30.501,37.037,10.893,0.0,4.357,71.895,34.858,4.357,37.037,34.858,0.0,0.0,0.0,0.0
WilliamKazer,196734newsML.txt,C50train/WilliamKazer/196734newsML.txt,reference,ee763b2c2e7bbe71cb09e911697dd68a425e8800ee9bf8a0a586ca489c64e7d2,4da9320f0befce2fa7f41a6a111aaa1612e5fa52d45a69179c0d295d2b5a15e1,22.44,8.8094,4.9144,0.525847,0.461676,23.173,16.043,5.348,7.13,5.348,10.695,1.783,24.955,35.651,17.825,0.0,8.913,53.476,24.955,8.913,28.52,44.563,0.0,0.0,0.0,0.0
WilliamKazer,202888newsML.txt,C50train/WilliamKazer/202888newsML.txt,reference,7141e4ac3d508d92df7a2f9956ad474a921777bda35051533be16c2bae681089,570a5f9fb08146f8a495dd6638f60e8b30d68eeba921f974e6f64d4d9a67b542,22.5,9.6372,5.2528,0.527778,0.438889,13.889,11.111,5.556,2.778,0.0,2.778,2.778,13.889,33.333,22.222,2.778,8.333,55.556,38.889,13.889,38.889,44.444,2.778,0.0,0.0,0.0
WilliamKazer,206559newsML.txt,C50train/WilliamKazer/206559newsML.txt,reference,dc5326ede516f803451f5da594acdea62821564163ec9b8a987b7e95618c13ae,76bc31147513dfcb0edf2b0f2fcc5573bcc253ba96268abf281461f0442e7ac4,21.85,6.5672,5.119,0.549199,0.441648,11.442,18.307,18.307,0.0,6.865,11.442,0.0,11.442,13.73,18.307,0.0,11.442,50.343,45.767,4.577,20.595,45.767,0.0,0.0,0.0,0.0
WilliamKazer,208244newsML.txt,C50train/WilliamKazer/208244newsML.txt,reference,07ee8d5358e621adeca46eb9b1f2c55daaf3e19efd3bbe5d125d4e2396c45eba,bbf9602ab48381657f7474c0af8b11c65985304692db472a4b9b50e214f63439,21.9048,9.4108,5.05,0.478261,0.458696,13.043,6.522,2.174,4.348,6.522,6.522,6.522,21.739,23.913,21.739,0.0,15.217,78.261,36.957,13.043,41.304,45.652,0.0,0.0,0.0,0.0
WilliamKazer,209813newsML.txt,C50train/WilliamKazer/209813newsML.txt,reference,38b73aaf33be48ead674f2645281871df2c2f28ed78390c18a38e7342fa6f115,b69c073369961f3aadf26913ee653e17f28b1b8eed5ec81efe2c898c8bb8d1f9,26.2778,8.8745,4.8901,0.536998,0.469345,25.37,23.256,6.342,4.228,6.342,10.571,2.114,16.913,29.598,12.685,2.114,6.342,54.968,38.055,6.342,35.941,38.055,0.0,0.0,0.0,0.0
WilliamKazer,214207newsML.txt,C50train/WilliamKazer/214207newsML.txt,reference,3007dcc6267aa47747bb0c4f9d4f6e6ef7df8e4707c4521812138fc8718b3ad6,0fd2456d3ff4dd91196ce8fa79bb8a6764fda331d28d50507b1c24c2c521eaac,24.95,10.2882,4.9198,0.478958,0.450902,20.04,18.036,8.016,0.0,0.0,6.012,0.0,24.048,50.1,12.024,6.012,12.024,70.14,28.056,6.012,40.08,40.08,0.0,0.0,0.0,0.0
WilliamKazer,222819newsML.txt,C50train/WilliamKazer/222819newsML.txt,reference,d72f8b8895cd392657573105f8e2f43163a666852b4ad6b21f84ae2bc6a1b3ce,ec889392594853eb4e7532819dfe45e049e4f97bf6adb1a3534f1cd3120102e5,18.8148,8.624,4.9528,0.472441,0.456693,27.559,11.811,3.937,1.969,7.874,5.906,3.937,19.685,33.465,11.811,0.0,11.811,51.181,27.559,19.685,41.339,51.181,0.0,0.0,0.0,0.0
WilliamKazer,235763newsML.txt,C50train/WilliamKazer/235763newsML.txt,reference,b0f162a1dd65ecb8114835fb3f86ccbd21da7f7b611cfc2d000547327e1247db,da6ad239bd59037a3c81fb109b0be45ace9b33732c471d718bd8be1c977603fb,24.5,7.1937,5.0898,0.495918,0.438776,18.367,16.327,14.286,6.122,8.163,8.163,4.082,14.286,24.49,18.367,0.0,16.327,59.184,38.776,14.286,30.612,40.816,0.0,0.0,0.0,0.0
WilliamKazer,239878newsML.txt,C50train/WilliamKazer/239878newsML.txt,reference,24255aa255bb1d66e534828c7f2cc7c7f0efc23abab9ddac904aeb49cf982f03,3d5a1e4876fc50301a56d8b93b8c505aa31c452f89e5a8643a9cbf0b50605ed8,22.4074,7.8799,5.0149,0.505785,0.444628,18.182,29.752,14.876,1.653,4.959,11.57,4.959,19.835,28.099,16.529,0.0,6.612,49.587,24.793,11.57,46.281,44.628,0.0,0.0,0.0,0.0
WilliamKazer,2430newsML.txt,C50train/WilliamKazer/2430newsML.txt,reference,f5d5d89cd7b462503e83d673d4ed056ec2dc62cdc22a68c302026c3dcc0e4a08,9b30bfb281f4e4fd3b6f988696510040187ac68404d9a7df56a82ba4271143ad,22.2941,5.4639,4.6623,0.461741,0.477573,23.747,18.47,5.277,7.916,2.639,15.831,5.277,23.747,55.409,15.831,0.0,18.47,79.156,36.939,2.639,60.686,44.855,0.0,0.0,0.0,0.0
WilliamKazer,246276newsML.txt,C50train/WilliamKazer/246276newsML.txt,reference,b13fe6156c173c685187953f462be5492c59bbb2d9b2e536f0d5a396546216ff,7f8c5f1c6b55bfef5e7bfd6aa5335a2780fa692412a3d3f913a7456e81c1c551,23.5263,6.3359,4.9083,0.467562,0.472036,15.66,38.031,6.711,6.711,2.237,8.949,11.186,17.897,44.743,20.134,4.474,6.711,76.063,24.609,2.237,53.691,42.506,0.0,0.0,0.0,0.0
WilliamKazer,247720newsML.txt,C50train/WilliamKazer/247720newsML.txt,reference,393b1219cee2617b9d16eebaee7a1f15b5fbd8ddbe8d7f521982d4a683300bb3,6b49a5783e3e87b69ce95358e0359daf412178eb74f02d95fb5847e3a891b094,21.9583,6.0792,4.8178,0.417457,0.489564,13.283,28.463,5.693,3.795,1.898,9.488,17.078,20.873,39.848,20.873,3.795,7.59,83.491,22.77,1.898,49.336,45.541,0.0,0.0,0.0,0.0
WilliamKazer,247829newsML.txt,C50train/WilliamKazer/247829newsML.txt,reference,b6a1c8b020781240f77638c9858b189ddf43b47583e857f8486f63b02d657ea4,9a4e3f7b47e7b2c2aeb25a3337c3506747f25b44c0cc443b52332b31b266152f,21.6364,6.5195,4.8824,0.441176,0.466387,16.807,31.513,6.303,4.202,2.101,8.403,18.908,25.21,37.815,21.008,4.202,6.303,79.832,21.008,2.101,54.622,46.218,0.0,0.0,0.0,0.0
WilliamKazer,247909newsML.txt,C50train/WilliamKazer/247909newsML.txt,reference,e04d689996f93299b961cb49eb3c33d027208aee6192014067415b950e8f7988,3fb37b504d489581a202a3328eec50a49ad25b9e585e70058e65c8ff8a067308,19.4857,7.0076,4.9633,0.483871,0.47654,23.46,20.528,5.865,1.466,11.73,8.798,4.399,19.062,29.326,5.865,2.933,5.865,71.848,30.792,8.798,48.387,49.853,0.0,0.0,1.466,0.0
WilliamKazer,257526newsML.txt,C50train/WilliamKazer/257526newsML.txt,reference,9d00f65904a3def411430f273bdb77e0607fd38911130fb3503085f64d255d7f,d579c1cc074156c8d252bb4f4833dfdded5419a4dfea3f844d19ef9149183897,23.2273,7.9712,4.7182,0.518591,0.499022,17.613,11.742,3.914,5.871,9.785,9.785,1.957,29.354,35.225,7.828,1.957,5.871,64.579,29.354,9.785,35.225,43.053,0.0,0.0,0.0,0.0
WilliamKazer,258689newsML.txt,C50train/WilliamKazer/258689newsML.txt,reference,9e24a2e7de17b43b683c522b01102e6409a806a3786af61f3727aa7ee22f1241,4d4757085d777f842d77e8a0eb5d73f95584a4a7dd4277933908032f0c6ec2e2,20.44,7.2226,5.0313,0.526419,0.457926,23.483,13.699,1.957,3.914,3.914,11.742,5.871,23.483,19.569,7.828,1.957,7.828,70.45,35.225,5.871,46.967,48.924,0.0,0.0,0.0,0.0
WilliamKazer,264132newsML.txt,C50train/WilliamKazer/264132newsML.txt,reference,ed1697f68c3398686b48eab923c7adf12f63a3747224345c164a0f666f99389c,dfa2c2b4f627c33118b1972f396978a4e118c46049ecbee2c688ee1d014ffae6,19.4615,8.1911,4.7134,0.478261,0.468379,27.668,17.787,9.881,1.976,5.929,9.881,5.929,35.573,23.715,5.929,1.976,13.834,55.336,25.692,9.881,41.502,47.431,0.0,0.0,0.0,0.0
WilliamKazer,268647newsML.txt,C50train/WilliamKazer/268647newsML.txt,reference,2eb0f66b3455e5dffb9ea2e5be37cb003c1acd594e06dc50bfbc2c8441870de1,6b13f0d2d8340ee26a536616e47648881fdcde9e5d5c8b591450f20ce46001ea,21.8667,8.5312,5.1006,0.503049,0.402439,21.341,21.341,3.049,6.098,3.049,3.049,0.0,12.195,24.39,9.146,3.049,6.098,36.585,36.585,30.488,36.585,45.732,0.0,0.0,0.0,0.0
WilliamKazer,278687newsML.txt,C50train/WilliamKazer/278687newsML.txt,reference,56fd37629302cef6a2e1795bb3c7d8f1fba982fc747396c207d181e83ac0c368,8d0a6493c7af489f6b0b7b65e748f1f7281bbf0ce9044405c91f955706aedb3d,22.5,6.4711,4.9056,0.547222,0.444444,50.0,30.556,8.333,11.111,2.778,8.333,2.778,19.444,52.778,8.333,2.778,11.111,58.333,11.111,8.333,63.889,44.444,0.0,0.0,0.0,0.0
WilliamKazer,281216newsML.txt,C50train/WilliamKazer/281216newsML.txt,reference,939a7292f0b873e7056bfac1ca4846910cad8728379219cd1e708714e779e030,850bf7addbc4288c89315fa751c28fef36b59a6a890076d903d90b48ef95b4b6,26.2353,8.2571,5.1121,0.567265,0.412556,24.664,31.39,4.484,6.726,6.726,6.726,2.242,13.453,20.179,6.726,0.0,13.453,53.812,29.148,8.969,44.843,38.117,0.0,0.0,0.0,0.0
WilliamKazer,28223newsML.txt,C50train/WilliamKazer/28223newsML.txt,reference,90e85a8ac212b2ac850236d299e376d335b0976137f39be2d408360a4e4aa4b8,9370784c849f24c79fe79a0ff568a2994199ee2b22619e8891df03400c20402c,22.2778,9.1761,4.818,0.503741,0.476309,7.481,17.456,12.469,12.469,7.481,12.469,4.988,27.431,29.925,9.975,0.0,24.938,39.9,22.444,4.988,24.938,44.888,0.0,0.0,0.0,0.0
WilliamKazer,282935newsML.txt,C50train/WilliamKazer/282935newsML.txt,reference,9d1b706126b68a0a6ccd1f083e1279c9cd242a3b50ad64be1232444cfb828648,4d247de175f9281084c0c7309790908a91da897b72a9439ef390890043ddb597,28.4545,11.5078,5.0304,0.480831,0.445687,22.364,25.559,7.987,6.39,4.792,7.987,4.792,15.974,36.741,9.585,1.597,6.39,76.677,27.157,9.585,33.546,38.339,0.0,0.0,0.0,0.0
WilliamKazer,287736newsML.txt,C50train/WilliamKazer/287736newsML.txt,reference,eb94feb12d7df842ff45664136230ba7834b2ed110599fdbf3e7437f640f913e,0d1855a18218bd97c72a241c0fe18c33956820a6700b15988de5e70e7df9fbae,27.25,8.3179,4.8869,0.525994,0.477064,12.232,24.465,6.116,9.174,6.116,3.058,3.058,27.523,61.162,12.232,9.174,9.174,94.801,15.291,9.174,33.639,36.697,0.0,0.0,0.0,0.0
WilliamKazer,289747newsML.txt,C50train/WilliamKazer/289747newsML.txt,reference,16da175de727f44d1c9ac7dffc92b007921dd4db13c1ee6262e3a78464f2dfe2,a32b01672a8cfde9bec6ec4459448f2a393af19003aee3612959e58499b5816e,21.375,9.0591,4.7875,0.528265,0.461988,21.442,9.747,11.696,3.899,5.848,3.899,5.848,17.544,52.632,11.696,1.949,11.696,62.378,29.24,5.848,29.24,46.784,0.0,0.0,0.0,0.0
WilliamKazer,304402newsML.txt,C50train/WilliamKazer/304402newsML.txt,reference,561fdbb47702224fdf4cd397f15be3b77ab77298f8e29d66776ac8ef332087ea,cff298b107ebe876beb54f7479ffa6d14e03aafbfca8d266d513716dd095ea92,25.16,9.9022,4.8315,0.473768,0.461049,25.437,11.129,11.129,3.18,0.0,7.949,9.539,14.308,28.617,12.719,3.18,12.719,68.362,28.617,7.949,36.566,39.746,0.0,0.0,0.0,0.0
TimFarrand,10265newsML.txt,C50train/TimFarrand/10265newsML.txt,mystery,3e10b14ff6c87bd72d1312c10183c6104dc4fc6fc5d1c940b45eaecabfa50673,8a777bc25c03c87a70fd4f6fb7f6e3c00bbc3422527134e647003996be68c586,21.3333,7.6249,4.7285,0.421875,0.523438,3.906,23.438,9.766,0.0,3.906,9.766,3.906,39.062,33.203,7.812,0.0,11.719,64.453,13.672,1.953,41.016,46.875,0.0,0.0,0.0,0.0
TimFarrand,114953newsML.txt,C50train/TimFarrand/114953newsML.txt,reference,41f36eb76d8baa6ee0475d15228a11e654c24aaf642a5e23af4386a13eddab84,6a21fa85bcf4ba7cf24dd8d4ed17c8ade0af81cd3cc7775c09f97d6fad9eb956,21.2,9.626,5.0566,0.466981,0.398585,11.792,25.943,0.0,7.075,4.717,7.075,9.434,37.736,30.66,7.075,2.358,4.717,63.679,37.736,9.434,42.453,44.811,0.0,2.358,0.0,0.0
TimFarrand,127403newsML.txt,C50train/TimFarrand/127403newsML.txt,reference,ea14517ec9cf020f4830c4b19e4c6e31a6ca2c1a7e23b88d853199448ee7616e,1ff69f0c8a128fdc93daf4fd503bb697fff4c7ded66f21bb37571abce70aad90,19.375,9.5036,5.0065,0.494624,0.462366,17.204,23.656,6.452,10.753,0.0,8.602,6.452,27.957,36.559,6.452,2.151,4.301,36.559,32.258,8.602,40.86,49.462,0.0,0.0,0.0,0.0
TimFarrand,127856newsML.txt,C50train/TimFarrand/127856newsML.txt,reference,916b398e66faf959ccfec453e20e0cd0538cb7df570b73c8aecc8cd23f45e7cd,ca6ffca8074392f5db5d6e456c7df6584da3ce639383891a382bc45e9fc76483,25.8261,8.2549,4.6616,0.452862,0.449495,15.152,18.519,6.734,11.785,0.0,16.835,5.051,48.822,33.67,5.051,0.0,8.418,58.923,21.886,11.785,48.822,37.037,0.0,0.0,0.0,0.0
TimFarrand,143038newsML.txt,C50train/TimFarrand/143038newsML.txt,reference,de35e6e2f26f1b28f823341faaf927b9b582050e8ed52e0a1fdf4b4299ada735,19f17eb0f117306bf95896ddda4b36cb6f2fff837802d745aa6e6151d1a44ad2,23.7273,8.8891,5.0977,0.56705,0.442529,21.073,26.82,3.831,5.747,1.916,9.579,13.41,17.241,24.904,15.326,0.0,1.916,55.556,44.061,7.663,45.977,40.23,0.0,0.0,0.0,0.0
TimFarrand,149844newsML.txt,C50train/TimFarrand/149844newsML.txt,reference,60955663dfcf6af9f0d4c4c3d66e5d238df85062f46c158b39f150d20468c62e,ebe9a044a2f111d56c0b9590674733b22e3d78804dc31cf0f0ae128b3e0acc0e,22.05,9.1677,4.9229,0.555556,0.428571,24.943,22.676,4.535,6.803,6.803,2.268,2.268,34.014,22.676,6.803,0.0,9.07,54.422,20.408,9.07,38.549,45.351,0.0,0.0,0.0,0.0
TimFarrand,152851newsML.txt,C50train/TimFarrand/152851newsML.txt,reference,a0dfc6adf05c481fa8e804fe999d4893e28daa20ceb2f8f7818a9f6f922bb9c1,3c06ca390bb86dbcc5ce0d8c9163933c3081392f0433575f9c5ff5b268b72259,20.9286,8.944,5.0222,0.486348,0.440273,30.717,32.423,1.706,3.413,3.413,5.119,13.652,34.13,25.597,5.119,1.706,8.532,54.608,29.01,3.413,54.608,46.075,0.0,0.0,0.0,0.0
TimFarrand,154492newsML.txt,C50train/TimFarrand/154492newsML.txt,reference,8c885a0b8b15348d46aff84058eb983b38fe010a6d4ebd4d5a08804ab1b09997,e6cd200219ad0a010e969df6b2eff1fdf214f0af7a6fbc488e0c5fa2a63ec5c7,21.55,9.0414,5.1578,0.519722,0.408353,25.522,25.522,0.0,2.32,6.961,2.32,20.882,39.443,16.241,4.64,2.32,13.921,67.285,25.522,2.32,44.084,44.084,0.0,0.0,0.0,0.0
TimFarrand,15631newsML.txt,C50train/TimFarrand/15631newsML.txt,reference,532685af543ea61c4262171b89d5a280e02e54fa931620995ff5a627c5a423b9,26d821bb5e21bb935ce9e2cfe87cf24c85b4170bfb2a03004f2262b6e8f908fc,24.0,9.4178,4.6975,0.494565,0.496377,27.174,21.739,1.812,9.058,5.435,9.058,5.435,21.739,34.42,9.058,0.0,12.681,52.536,30.797,9.058,25.362,41.667,1.812,0.0,0.0,0.0
TimFarrand,159528newsML.txt,C50train/TimFarrand/159528newsML.txt,reference,141f6ae19a0aaa965e654d3ec0bd84ce587ec0b3726f726c2f5c8156ff58f911,df5d4f1db95e3d4a9a90e74277c907f3f2cde75d26aef8a64d1fdfa1cc1e964a,23.625,11.7998,4.9497,0.542328,0.433862,21.164,37.037,15.873,7.937,0.0,2.646,29.101,31.746,29.101,15.873,0.0,5.291,58.201,34.392,0.0,52.91,39.683,0.0,0.0,2.646,0.0
TimFarrand,159531newsML.txt,C50train/TimFarrand/159531newsML.txt,reference,af45688a075c8ce74d811fcd0097232c14fdb41e194952868db5b574a945cb20,02424e9c8223559ee8bb73df77d7da58775dc3b3c7c713aa46fbb8d932caca52,21.0526,10.0915,5.0075,0.54,0.435,32.5,15.0,2.5,12.5,5.0,20.0,12.5,37.5,27.5,7.5,5.0,0.0,62.5,22.5,12.5,52.5,45.0,0.0,0.0,0.0,0.0
TimFarrand,160644newsML.txt,C50train/TimFarrand/160644newsML.txt,reference,58f5960252dd1f74523b1ee816cffc79655f8e0d38dd22689467aac856bed75f,7ad71670ae24e470c305a61dfd2ab9a8829b851d9417f519fafde3a7f0ded3f8,20.6957,10.6748,4.7626,0.535714,0.453782,27.311,29.412,2.101,6.303,0.0,21.008,12.605,21.008,27.311,25.21,0.0,6.303,65.126,21.008,4.202,56.723,46.218,0.0,0.0,0.0,0.0
TimFarrand,164516newsML.txt,C50train/TimFarrand/164516newsML.txt,reference,0df0785bd31f369f9e585b5c8071e4c6a1208848d511b9fcbcacc05171ebc226,9557c350121463834652d76e9ec1cc836fcef9892d2401540670e1155cd16e4f,17.4643,8.6787,4.91,0.527607,0.427403,16.36,32.72,0.0,4.09,4.09,4.09,16.36,34.765,12.27,12.27,2.045,4.09,49.08,32.72,6.135,40.9,55.215,0.0,0.0,0.0,0.0
TimFarrand,164877newsML.txt,C50train/TimFarrand/164877newsML.txt,reference,95e85f9d5dab94b4e1838c5386260bcde0c51d492a1db8c2db33845ce6e866c2,3aa93f33bf30599111d19f6c8f641fed0f2a447fc9b5b05d1b087a61bfaf005f,17.4643,8.6787,4.908,0.529652,0.427403,16.36,32.72,0.0,4.09,4.09,4.09,16.36,34.765,12.27,12.27,2.045,4.09,49.08,32.72,6.135,40.9,55.215,0.0,0.0,0.0,0.0
TimFarrand,164890newsML.txt,C50train/TimFarrand/164890newsML.txt,reference,104ac7a4e6ca1e3eed096c8027aa83dd3236d2bdbaee525f5b9e0f7c1b49c117,91407602f56515a5f55f89208b8a6aced8fb7a5d4bafd22b2164c10b7ae87419,22.1667,13.777,5.0175,0.54386,0.43609,32.581,15.038,2.506,12.531,5.013,20.05,12.531,37.594,27.569,7.519,5.013,0.0,62.657,22.556,12.531,52.632,45.113,0.0,0.0,0.0,0.0
TimFarrand,165801newsML.txt,C50train/TimFarrand/165801newsML.txt,reference,1732dbb7134fae6ddb1a75bd9f697f27ad5b43b0c86eaceeef5051ef9f17cf80,ecb822ad116c68642032598fa618cc476d02b3149c1edab485e3891b3591b18d,23.0909,12.7276,4.7933,0.490157,0.431102,13.78,35.433,1.969,7.874,1.969,17.717,3.937,25.591,29.528,11.811,1.969,5.906,53.15,39.37,7.874,31.496,45.276,0.0,0.0,0.0,0.0
TimFarrand,165864newsML.txt,C50train/TimFarrand/165864newsML.txt,reference,d84c82a9a068949595f475320aa9641e64db92a9ad74da441ab7977834863658,479b4d8ce08e36894ce6da26e6470419294d0c1f3694d5b7556d7ad66f84a663,20.7083,7.8394,4.7988,0.533199,0.503018,18.109,22.133,16.097,2.012,8.048,8.048,8.048,26.157,20.121,14.085,6.036,4.024,52.314,26.157,4.024,72.435,46.278,2.012,0.0,0.0,0.0
TimFarrand,167779newsML.txt,C50train/TimFarrand/167779newsML.txt,reference,270617c0d367e5d3d0afbb2daedc4d1e1e7115471ef5cf0cb1f93af477dbfbf2,2239ff58418aba1d80116b885b4b83c6d00cd8abc83a81b62ca0fcf1ea110870,19.6923,9.6984,4.5547,0.605469,0.515625,19.531,23.438,3.906,23.438,3.906,11.719,0.0,31.25,15.625,11.719,3.906,0.0,50.781,27.344,3.906,31.25,46.875,0.0,0.0,0.0,0.0
TimFarrand,167803newsML.txt,C50train/TimFarrand/167803newsML.txt,reference,ef901c770695142bcd7cb4e4b1bcbfbe0fb0fe5770f291dd271c1689825534c0,563f1963b304469b8242d666370a5e71905bb5923281a088dca87b2dd16f9a34,18.7778,8.8478,4.6612,0.473373,0.471893,16.272,35.503,2.959,7.396,0.0,20.71,1.479,31.065,17.751,10.355,2.959,5.917,54.734,26.627,8.876,29.586,53.254,0.0,0.0,0.0,0.0
TimFarrand,172132newsML.txt,C50train/TimFarrand/172132newsML.txt,reference,b8a7b81444de8890d6acec78f5ad457a9423ab25b13f4ceeb19ddbfa779606be,cff17e1133d69a22d62b37eed2be89d3b5c2369e098c40659e323a629ffa9311,21.6667,8.4703,4.811,0.496703,0.476923,24.176,28.571,6.593,6.593,2.198,2.198,6.593,26.374,26.374,6.593,0.0,2.198,54.945,37.363,0.0,37.363,43.956,0.0,0.0,0.0,0.0
TimFarrand,173770newsML.txt,C50train/TimFarrand/173770newsML.txt,reference,3f9f769e2252930db5293916e3cd3fb91b6431e9a1b8f2771c1c46654a0ddbc1,e4699f4a98619c3f91d595158cab0dcc07db3f63722f20c227a03dca24fe5b88,15.9167,6.0409,4.7932,0.526178,0.463351,28.796,18.325,2.618,18.325,7.853,7.853,5.236,31.414,13.089,13.089,0.0,0.0,70.681,18.325,2.618,28.796,60.209,0.0,0.0,0.0,0.0
TimFarrand,173850newsML.txt,C50train/TimFarrand/173850newsML.txt,reference,4ef85135dee6296f4e58630f13cc2d62a5fc06006a56217a76edeca63cea728f,b1959f020838acaa80beefd2902e5102fd79f42e8f8296460612259ce1686ca2,18.7143,11.7833,4.7309,0.515267,0.492366,22.901,24.809,7.634,13.359,1.908,3.817,7.634,26.718,28.626,3.817,0.0,9.542,49.618,26.718,3.817,57.252,51.527,0.0,0.0,0.0,0.0
TimFarrand,175500newsML.txt,C50train/TimFarrand/175500newsML.txt,reference,a5a28cecc46e3204717f6d14ec3b4f5cebb28ed51c7545b970d0be439bb5d2cf,4087f15b45f642ce0153d3d516572f8312c53646e7991175d716ef702a761260,23.8125,11.6791,5.0735,0.538058,0.39895,26.247,31.496,0.0,10.499,0.0,7.874,10.499,36.745,31.496,7.874,0.0,7.874,49.869,31.496,7.874,55.118,39.37,0.0,0.0,0.0,0.0
TimFarrand,175594newsML.txt,C50train/TimFarrand/175594newsML.txt,reference,38df37b95d96c40e37ecca7145ccb64f6a85023db93a34124f71bed41d2489c3,e21e733745b580b62a9c4d9cad07d6426bfb4912966a6430b8fb8f8c30a17113,22.76,10.4663,4.638,0.439367,0.456942,26.362,21.09,5.272,10.545,0.0,12.302,14.06,33.392,29.877,15.817,0.0,1.757,49.209,33.392,3.515,40.422,42.179,0.0,0.0,0.0,0.0
TimFarrand,177684newsML.txt,C50train/TimFarrand/177684newsML.txt,reference,80598002ad0ee8fb7b298a4b9ffc79355e333226827b2453a43d18bb821db0d4,648b6bf7a8ea3f3253b9a7bfcab3c08c783d2dd8d25a34468872ae6366e5eaf6,24.1333,12.1374,5.1354,0.549724,0.39779,27.624,27.624,0.0,8.287,0.0,8.287,11.05,41.436,30.387,8.287,0.0,5.525,44.199,33.149,8.287,52.486,38.674,0.0,0.0,0.0,0.0
TimFarrand,199222newsML.txt,C50train/TimFarrand/199222newsML.txt,reference,bdd80ad518a89f9d619765e31fe43febb9b221436629917d2b3b8e0e61159db5,c61a2310c9bd343f54fa5d37981022d3977f073cddc933175697bb0b38873d33,19.84,8.6287,4.9153,0.477823,0.439516,14.113,32.258,2.016,22.177,4.032,12.097,8.065,32.258,16.129,10.081,0.0,6.048,42.339,38.306,6.048,40.323,48.387,2.016,0.0,0.0,0.0
TimFarrand,201017newsML.txt,C50train/TimFarrand/201017newsML.txt,reference,51827be3b20bb83ce7238555880c99775e13f6d7abfa3a38ad045210aa3fee25,6cb18203990c25e9f96923843a00c5ec482ce464df659fd91279fe436b94d690,19.0,9.4086,4.8444,0.455378,0.409611,4.577,32.037,0.0,16.018,4.577,13.73,11.442,50.343,27.46,16.018,0.0,2.288,64.073,32.037,4.577,34.325,50.343,0.0,0.0,0.0,0.0
TimFarrand,202017newsML.txt,C50train/TimFarrand/202017newsML.txt,reference,97431ce8dd1650e48c438ddd543a9432313ee72fa68daba74ee40408ef38e4d2,92c01bced3556a89bdfe09dd082964ca846129e3a906db3898fecef214312a3c,20.3846,8.3393,4.9226,0.469811,0.426415,20.755,15.094,0.0,3.774,3.774,13.208,7.547,33.962,32.075,9.434,0.0,5.66,45.283,22.642,1.887,33.962,47.17,0.0,0.0,0.0,0.0
TimFarrand,204606newsML.txt,C50train/TimFarrand/204606newsML.txt,reference,e942ed2e457fe37b826c76fe651fb16026493121a76ae9d0b51183547a56a812,909ef64ff9eb59724a1b14c73f29cf457cbc4f176f13c9c61ff3d08c89814c8c,23.1923,10.4109,4.8109,0.429519,0.441128,14.925,19.9,4.975,6.633,3.317,8.292,4.975,44.776,31.509,18.242,1.658,4.975,64.677,23.217,1.658,33.167,41.459,0.0,0.0,0.0,0.0
TimFarrand,207557newsML.txt,C50train/TimFarrand/207557newsML.txt,reference,bff83a5ce07238e0e2d5a0dbde607f2b5f571eadc07226cfa18988a19dcd331d,4801fd8f3a2a222054b849c1e200df183e2afc6f012c77a4cdb400fece312287,22.2222,10.4928,4.7417,0.43,0.44,35.0,13.333,1.667,6.667,3.333,16.667,5.0,33.333,33.333,25.0,0.0,8.333,73.333,18.333,5.0,35.0,43.333,0.0,0.0,0.0,0.0
TimFarrand,210560newsML.txt,C50train/TimFarrand/210560newsML.txt,reference,d703f598e5ae5640665aea7891ab088c2af175fa9c47000e0f1489207bcb109e,40cc2d380e7c7fb359dad41c95efd124fc949e876c70f089011bcc5215abd624,23.0,10.4172,4.9163,0.455717,0.425121,22.544,19.324,4.831,16.103,6.441,17.713,14.493,41.868,17.713,4.831,0.0,4.831,49.919,30.596,3.221,49.919,41.868,0.0,0.0,0.0,0.0
TimFarrand,220852newsML.txt,C50train/TimFarrand/220852newsML.txt,reference,2fb45d8f9586a06474f8e9f605d6e3b85fe598110b11f96c80fb33b1d439594d,7b89630f72c1c4642ad4c9fccdff479b0be06340b1c9d56e5b561bf6051984c2,23.25,10.9058,4.7025,0.460573,0.451613,30.466,23.297,10.753,17.921,3.584,7.168,12.545,23.297,35.842,7.168,0.0,8.961,51.971,23.297,5.376,44.803,41.219,0.0,0.0,0.0,0.0
TimFarrand,220857newsML.txt,C50train/TimFarrand/220857newsML.txt,reference,a417b739a018bd2100aa904ae7ef65d2c50e76552210ac97448772e6ece2591b,1d912da1d898e7191bf5bfb53e6140364940d1d2b9078a5147102dceb5807028,20.25,10.1335,4.8963,0.48642,0.422222,17.284,29.63,2.469,2.469,4.938,7.407,7.407,46.914,44.444,4.938,0.0,0.0,61.728,19.753,0.0,51.852,44.444,0.0,0.0,0.0,0.0
TimFarrand,220938newsML.txt,C50train/TimFarrand/220938newsML.txt,reference,23ca927386d01f41968252f32783555c478a6f4b60486209abc3fa2ae6c2fd0a,edfe863556bf446fac4e9ea0809db117d880678a57b9a713eab5af784418d305,23.25,6.3394,4.9247,0.741935,0.462366,10.753,32.258,0.0,21.505,0.0,0.0,21.505,21.505,32.258,0.0,0.0,10.753,64.516,21.505,10.753,75.269,43.011,0.0,0.0,0.0,0.0
TimFarrand,221452newsML.txt,C50train/TimFarrand/221452newsML.txt,reference,c8d3992760e187603173e81d5af8d941b6162e2e01e09b8376873e1713cce8d6,d1f9afd0855b93ad3aae77d217bcf4a9826584d083341314bf728178f4a98b22,30.6667,0.4714,5.0109,0.782609,0.391304,32.609,32.609,0.0,0.0,0.0,10.87,10.87,21.739,32.609,10.87,0.0,21.739,32.609,10.87,0.0,43.478,32.609,0.0,0.0,0.0,0.0
TimFarrand,224668newsML.txt,C50train/TimFarrand/224668newsML.txt,reference,1d29c4b4017d9c3a113a7bb185b3188588b9e29603ecae7a938a361e3e85350a,4068e1ca8a7f74c1118c9bc2d33646bc342ae6b4a0bf816446d7298123322384,23.1765,10.5788,4.8731,0.459391,0.436548,20.305,17.766,10.152,20.305,2.538,5.076,27.919,27.919,38.071,12.69,0.0,5.076,55.838,30.457,2.538,40.609,40.609,0.0,0.0,0.0,0.0
TimFarrand,224684newsML.txt,C50train/TimFarrand/224684newsML.txt,reference,b5dc3b80b90c8bbbad9f674221a33f3536db691bbabbe7b2127ea0f0e2e55eb4,7e3d9c403e3c79629eeaaf825b06f8644d4cec369f65deccb93ffe183d9a84b0,26.1429,13.8814,4.8743,0.52459,0.418033,24.59,30.055,0.0,2.732,2.732,5.464,16.393,27.322,32.787,30.055,2.732,0.0,46.448,32.787,0.0,43.716,38.251,0.0,0.0,0.0,0.0
TimFarrand,225561newsML.txt,C50train/TimFarrand/225561newsML.txt,reference,68ffab5379cce7fff22350997edee37e5bbffdb7b564ec62da9c1eff4abc6887,982a97b9245429de0576ad0aa9d0dc428344e3666fff32c8289bfd96911769f8,20.9259,9.2132,4.9292,0.465487,0.453097,14.159,23.009,3.54,15.929,5.31,8.85,21.239,37.168,33.628,17.699,0.0,1.77,53.097,21.239,3.54,47.788,44.248,0.0,0.0,0.0,0.0
TimFarrand,229159newsML.txt,C50train/TimFarrand/229159newsML.txt,reference,3c8568fdb48dbb3629ba482cad9af7c7c39ec6a4e305007b6f55f9020a93f131,9d6d1269c31bc3c87c3662619f4b4ec3dd31d0ad6577193642075b50519b8608,22.4545,10.4348,4.7692,0.497976,0.465587,20.243,20.243,8.097,10.121,0.0,6.073,12.146,22.267,36.437,12.146,2.024,4.049,66.802,28.34,4.049,40.486,42.51,0.0,0.0,0.0,0.0
TimFarrand,229685newsML.txt,C50train/TimFarrand/229685newsML.txt,reference,517d65694a5f9d6dc9eddcffc6c0f7a29c3ad35e957fd94c2365764042bd1698,9dd5dd592e135f32620b205588471c382f279c8338ccff6cb3c2de480c193b72,25.9048,11.7063,4.7206,0.443015,0.472426,11.029,23.897,7.353,9.191,1.838,11.029,14.706,33.088,31.25,14.706,1.838,1.838,68.015,22.059,1.838,51.471,36.765,0.0,0.0,0.0,0.0
TimFarrand,230604newsML.txt,C50train/TimFarrand/230604newsML.txt,reference,f7531f94743c265791640d939ec3f540372d58d7b2fb2c4fb79139e966217dec,6a79137d49322a9c03a6d1e8acc0a87d04cd6e3cb0fb2faedf15be42cf2657d7,18.3158,8.8678,4.8908,0.554598,0.413793,17.241,20.115,2.874,8.621,5.747,8.621,5.747,37.356,31.609,5.747,5.747,5.747,45.977,14.368,0.0,43.103,51.724,0.0,0.0,0.0,0.0
TimFarrand,234885newsML.txt,C50train/TimFarrand/234885newsML.txt,reference,c98c28a0d36fd2fb3a9f24392af56b3f273661653f70c9e0cc50c3db6e5674e5,3c6af5c69eae9f44cc3344e5983b2565c652b64ad412110ba566016f51881763,20.0714,9.6914,4.8114,0.507117,0.434164,17.794,26.69,1.779,14.235,5.338,7.117,3.559,17.794,32.028,12.456,1.779,7.117,62.278,26.69,5.338,39.146,48.043,0.0,0.0,0.0,0.0
TimFarrand,235003newsML.txt,C50train/TimFarrand/235003newsML.txt,reference,a84e60e02e4c72861678e5128d7346e8d4990607b847d5d03bc1f1c93e2efdc1,e316f55c446fd2be5541be79cea023b603a896b37dbb81647765406dbb295006,17.8,10.3034,4.8876,0.685393,0.483146,11.236,11.236,0.0,0.0,0.0,0.0,0.0,44.944,33.708,11.236,0.0,0.0,44.944,44.944,0.0,33.708,56.18,0.0,0.0,0.0,0.0
TimFarrand,236371newsML.txt,C50train/TimFarrand/236371newsML.txt,reference,af6320e70598a0a2f9b2a54c6dc9da762a257d665d7ce0fe853d31a245364278,d6d2691c749b8395547133afea3b1e16e96bae7ee238345bdcbd76bbc2d0c703,22.5,9.6242,4.7889,0.547222,0.466667,16.667,22.222,0.0,5.556,2.778,2.778,13.889,47.222,22.222,11.111,0.0,5.556,47.222,27.778,2.778,61.111,41.667,0.0,0.0,0.0,0.0
TimFarrand,237957newsML.txt,C50train/TimFarrand/237957newsML.txt,reference,da5281b9e80503c67b024103d924c7c6ec668856228d85617e7b83cac2c9ef42,358100cf8f1ca1e078d87d8a790261e1cbf3f940eb3eac351090ac4d89552dcb,21.7241,8.6976,4.7873,0.469841,0.446032,15.873,33.333,6.349,11.111,3.175,6.349,6.349,36.508,28.571,20.635,3.175,0.0,42.857,33.333,3.175,31.746,44.444,0.0,0.0,0.0,0.0
TimFarrand,237980newsML.txt,C50train/TimFarrand/237980newsML.txt,reference,342fc60dcd016c11410bb65349e5f8dfa47175c86b9522feb62b4244e907beea,70244fbfd7e1eb35b662d100ac137a3284d31a869ba7f50fbd405f0eca94eb6c,20.625,9.38,4.8606,0.642424,0.442424,12.121,6.061,0.0,0.0,6.061,0.0,24.242,54.545,42.424,12.121,0.0,0.0,60.606,36.364,0.0,72.727,48.485,0.0,0.0,0.0,0.0
TimFarrand,238095newsML.txt,C50train/TimFarrand/238095newsML.txt,reference,bd5b4f42077e1538c479036802f57cf41a38d4e86b3cc19fc2c70d8699956bb2,874de014987f9e3bb16a6c5e67ce4bfe827496b855eb783b696e5f3c2948bf51,18.6216,8.6629,4.7489,0.460087,0.464441,8.708,20.319,10.16,14.514,2.903,7.257,4.354,29.028,26.125,17.417,2.903,5.806,43.541,34.833,1.451,34.833,50.798,0.0,0.0,0.0,0.0
TimFarrand,240674newsML.txt,C50train/TimFarrand/240674newsML.txt,reference,00ebffc1191adc0184afe81e0e918076777d17af2030b937041399699e523df2,26c41e2b4d5db92fc0744af9c1d341e8da01f9da40755eda68e885b89c082332,17.9167,9.0596,5.0209,0.467442,0.455814,20.93,18.605,2.326,16.279,0.0,18.605,23.256,23.256,32.558,13.953,0.0,0.0,55.814,34.884,6.977,27.907,53.488,0.0,0.0,0.0,0.0
TimFarrand,242910newsML.txt,C50train/TimFarrand/242910newsML.txt,reference,b8add887257fbb838995b0275811b837e1ae485eadb45ad6b6e5b6932fd82102,ebf5354368e55f21e51659e03fbce932949a5729eb110bc0804586d2318cca57,22.7143,10.633,4.794,0.474843,0.459119,23.585,20.44,6.289,6.289,4.717,11.006,6.289,25.157,36.164,6.289,1.572,6.289,62.893,37.736,6.289,29.874,42.453,0.0,0.0,0.0,0.0
TimFarrand,242992newsML.txt,C50train/TimFarrand/242992newsML.txt,reference,14fb1b2f2daa916518826bd96d24df397975f0396b3403aba46b11141ca169fe,867ead6fb6ab30b0d069d3d5030e758b95a2d76e5773ea586566f3e63b5ebadc,25.0952,12.4782,4.7438,0.518027,0.480076,17.078,17.078,1.898,3.795,0.0,11.385,3.795,15.18,22.77,9.488,1.898,7.59,55.028,49.336,9.488,39.848,37.951,0.0,0.0,0.0,0.0
PatriciaCommins,102551newsML.txt,C50train/PatriciaCommins/102551newsML.txt,mystery,cf1bd5af1b1f8856e6bafaa0d605b6fb87bfe7c181a9ab4c7db5f4c1dcc51a70,ed614afbfe78dc78e46cc23d7c2947bab8be3e32fac0e54e9ecd64c0b67694a3,16.0833,8.2374,5.1088,0.454231,0.445596,25.907,20.725,10.363,3.454,3.454,10.363,3.454,32.815,20.725,1.727,0.0,3.454,48.359,29.361,5.181,72.539,58.722,0.0,0.0,0.0,0.0
PatriciaCommins,102719newsML.txt,C50train/PatriciaCommins/102719newsML.txt,reference,182bf77e989677f3af10a04e99af096b3283f1559770dd6362757524209f5f2c,af208cc1a3909972b1cc23d8ffb7ba8ef00f68f4a3a57e99aa351ef9e577f85a,15.7407,8.4922,5.0024,0.496471,0.458824,25.882,14.118,11.765,2.353,2.353,9.412,2.353,35.294,21.176,4.706,0.0,2.353,56.471,28.235,9.412,68.235,58.824,0.0,0.0,0.0,0.0
PatriciaCommins,102793newsML.txt,C50train/PatriciaCommins/102793newsML.txt,reference,09bc2d7656abebadf6aa7bf0bd3305225ac1bbe86fc347ddd737bb2fbc0caf29,a94573a2ae84c3c4e6307f4f7bba139f6131292776b12bbcba7278bf2e7df3d6,24.25,5.9319,4.9356,0.497423,0.363402,30.928,12.887,2.577,0.0,0.0,33.505,2.577,28.351,5.155,7.732,0.0,7.732,28.351,36.082,2.577,46.392,38.66,0.0,0.0,0.0,0.0
PatriciaCommins,108222newsML.txt,C50train/PatriciaCommins/108222newsML.txt,reference,838f19c34881e13bf33c15ab223c8dc6a7b09d57541cf761388422f6914e39f3,38edac86778239ebccca5ec94a955e7fe427bd5b0c39ceb89660ba7bace58548,20.8846,7.9049,5.2228,0.451197,0.441989,27.624,27.624,16.575,1.842,1.842,7.366,1.842,18.416,34.991,0.0,7.366,12.891,66.298,18.416,3.683,51.565,47.882,0.0,0.0,0.0,0.0
PatriciaCommins,108443newsML.txt,C50train/PatriciaCommins/108443newsML.txt,reference,15851c4917e6e46f8acc3d10d8e5d3a4516293207aa159302156686717d8c43c,73480099733e77d6e71b9c49fafff84dc5e977f3bd2bff8473d201fc0b108e1e,20.3182,8.2538,5.1275,0.496644,0.454139,26.846,31.32,13.423,4.474,2.237,0.0,4.474,13.423,22.371,0.0,8.949,15.66,67.114,20.134,8.949,58.166,46.98,0.0,0.0,0.0,0.0
PatriciaCommins,114356newsML.txt,C50train/PatriciaCommins/114356newsML.txt,reference,47c15585507a046fba01433876effb104d52dcd38ce8ab40062884cedccd9600,b35193b087a7cd2abdac5645e144797e547702cbb829661e0bba84c0780f4598,21.2424,9.1454,4.9372,0.435093,0.422254,32.81,21.398,2.853,9.986,2.853,9.986,2.853,34.237,31.384,5.706,1.427,11.412,61.341,27.104,1.427,51.355,47.076,0.0,0.0,0.0,0.0
PatriciaCommins,114428newsML.txt,C50train/PatriciaCommins/114428newsML.txt,reference,95b767adb5d28db9e3c8583549c8fbbcba8e6c47c35e0013bf38b16a47219857,b628f5882408daa0eb9e867314f234a200dd26c129d7bc4dde9c0ab2080aedef,20.125,9.4618,4.9876,0.494824,0.416149,24.845,16.563,0.0,6.211,2.07,16.563,0.0,33.126,24.845,6.211,0.0,12.422,55.901,20.704,2.07,66.253,47.619,0.0,0.0,0.0,0.0
PatriciaCommins,114859newsML.txt,C50train/PatriciaCommins/114859newsML.txt,reference,6029c9490a08f15269cc2acac32738e64cfdc0eff13d4b1112a1a4a31e57d1ea,5c874cd19f27714573f7dace1f112f7a3c3fe19f85722a2da0721a5b9f343e4a,21.2424,9.1454,4.9358,0.435093,0.422254,32.81,21.398,2.853,9.986,2.853,9.986,2.853,34.237,31.384,5.706,1.427,11.412,61.341,27.104,1.427,51.355,47.076,0.0,0.0,0.0,0.0
PatriciaCommins,117099newsML.txt,C50train/PatriciaCommins/117099newsML.txt,reference,2486f313a36dfc42b54562506520f9ecf5113a8a71a3e3acddaf48a785962018,90eaef8385aff6a9704fa94d66538d48a2ac7dbb5018d6d1641d0ad5bd46ed9b,27.1429,12.3743,5.0,0.531579,0.413158,34.211,23.684,5.263,7.895,5.263,10.526,7.895,31.579,18.421,5.263,5.263,13.158,55.263,23.684,2.632,65.789,36.842,0.0,0.0,0.0,0.0
PatriciaCommins,120569newsML.txt,C50train/PatriciaCommins/120569newsML.txt,reference,4e1db84597190323943d3ab0eeb6938f1100b29cd61f7c6019d1de3abfb3c714,f6cff7f38e751f2a3627be7a108ca171657bc519926936f040b4956103c1af1a,19.2917,9.0943,4.9784,0.518359,0.429806,28.078,6.479,6.479,17.279,2.16,19.438,2.16,10.799,21.598,2.16,0.0,4.32,62.635,36.717,4.32,62.635,49.676,0.0,0.0,0.0,0.0
PatriciaCommins,120588newsML.txt,C50train/PatriciaCommins/120588newsML.txt,reference,4fdaec77c35e1fa58dfb6656f5846c673892f84bbd62f0c3f5ed00a2fecde8f9,46e223297f4ff19f4212d9c3d551c76b819844fd9206fd4dfaead4c356ca9005,20.5926,8.8747,4.9658,0.483813,0.429856,26.978,10.791,10.791,14.388,1.799,16.187,1.799,12.59,26.978,1.799,0.0,7.194,61.151,32.374,8.993,64.748,48.561,0.0,0.0,0.0,0.0
PatriciaCommins,123595newsML.txt,C50train/PatriciaCommins/123595newsML.txt,reference,cc9f8efc98f714ca857f8378bc4af19cee2d09a0fd20dde035a1a8a2427dd117,90d6bc1cb908ad79dd6ff3245fffa81bec6fb8cdf0f8aec66b9f009a43e0f214,24.6,8.2801,5.3138,0.479675,0.434146,19.512,29.268,8.13,4.878,1.626,3.252,6.504,17.886,43.902,4.878,0.0,14.634,71.545,29.268,8.13,55.285,40.65,0.0,0.0,0.0,0.0
PatriciaCommins,123628newsML.txt,C50train/PatriciaCommins/123628newsML.txt,reference,b7556a3038832453c6a26e52b0d46c1982db3b43d5ad54f899a26e5f9984434e,b697f48be72ffb5a5d61703e1fb825d94e8836929789f043bd5e3bcfb0be7e7d,25.0,8.065,5.1374,0.473043,0.462609,24.348,22.609,6.957,3.478,1.739,5.217,6.957,13.913,57.391,5.217,0.0,19.13,85.217,27.826,5.217,43.478,40.0,0.0,0.0,0.0,0.0
PatriciaCommins,123987newsML.txt,C50train/PatriciaCommins/123987newsML.txt,reference,22a48c55e28542fb2ceb7469b1e94a539928a9c0b878bf04d0a5db95df262ca6,4372b32f9bdf936ad0576e00fec8a0b4ae9ac46a283809242e7c8573e7944d94,26.5238,13.5739,5.2208,0.490126,0.425494,16.158,19.749,1.795,16.158,0.0,14.363,3.591,23.339,41.293,3.591,3.591,14.363,68.223,28.725,12.567,68.223,37.702,0.0,0.0,0.0,0.0
PatriciaCommins,125965newsML.txt,C50train/PatriciaCommins/125965newsML.txt,reference,eac596e80ce9fb346e58bbe72a05bf472bb4d1f7c510f1a8583a681f131344fd,180a8ab876f1e1e2bd168e2490a9b28dc200bff7ee987cb247e6f7b7cae60ef6,17.4583,7.3313,4.9093,0.47494,0.479714,2.387,9.547,7.16,7.16,7.16,23.866,4.773,31.026,33.413,4.773,2.387,7.16,59.666,28.64,2.387,62.053,54.893,0.0,0.0,0.0,0.0
PatriciaCommins,126714newsML.txt,C50train/PatriciaCommins/126714newsML.txt,reference,6a26ca947b9779d43a2bde28553f9b30bfc85ea16aae79feded21d2025c18180,168b52e35deaa31810287e305cd28577b91a60cb3742349a44529fc6156433ad,18.3929,6.8626,4.9612,0.464078,0.440777,9.709,13.592,7.767,5.825,3.883,17.476,5.825,40.777,25.243,3.883,1.942,7.767,48.544,27.184,5.825,77.67,56.311,0.0,0.0,0.0,0.0
PatriciaCommins,132671newsML.txt,C50train/PatriciaCommins/132671newsML.txt,reference,502674bf7aa9fd7eb278928a9d8202852bbb7322b703135a66ab75a6d70becf6,92c1f76a84a1dfe1f605fb677ffe77d7c89bec5708e68d816183349634beaaa6,17.9474,7.5007,5.217,0.483871,0.454545,20.528,14.663,5.865,8.798,5.865,11.73,8.798,11.73,20.528,0.0,5.865,2.933,41.056,41.056,8.798,70.381,49.853,0.0,0.0,0.0,0.0
PatriciaCommins,140446newsML.txt,C50train/PatriciaCommins/140446newsML.txt,reference,d4e9f6f0a5c08e3fdba820fb3684b2998417d7f2ea042a49e8e2cc9ac6a148d4,71a53d53ef8067e7a6ab51524943e17d27ebf1245596b3afd73e7700349feca0,20.0357,9.3101,5.1925,0.442068,0.4082,24.955,17.825,1.783,3.565,1.783,19.608,10.695,28.52,17.825,5.348,5.348,5.348,44.563,23.173,3.565,83.779,51.693,0.0,0.0,0.0,0.0
PatriciaCommins,142683newsML.txt,C50train/PatriciaCommins/142683newsML.txt,reference,a91a028cbe5e63f53f4cb68fdc448a477045aa8eb5bac2e2fe4c56f4f5d5d664,0028c9ef982c1173963d12f553789fe83479987db3d2ab27bba66a9fefcbb6fd,19.8235,7.6944,5.1958,0.560831,0.459941,20.772,20.772,5.935,11.869,0.0,5.935,5.935,17.804,44.51,5.935,0.0,20.772,44.51,11.869,14.837,71.217,50.445,0.0,0.0,0.0,0.0
PatriciaCommins,142736newsML.txt,C50train/PatriciaCommins/142736newsML.txt,reference,114c41f3a236431d74ad71037e5ee011dcf33cbd4ecff620f3cde44b0dc3768b,fbe28ba64b5d38990a6d9d915650305d7c8b8c865b89bc4591db286dff241e5c,18.8636,6.5038,5.0988,0.486747,0.436145,24.096,14.458,14.458,7.229,0.0,14.458,14.458,36.145,16.867,0.0,0.0,16.867,19.277,33.735,12.048,101.205,53.012,0.0,0.0,0.0,0.0
PatriciaCommins,143591newsML.txt,C50train/PatriciaCommins/143591newsML.txt,reference,8cc7e323b1ed29c19ae2015e2f5e9f8c777c70fae15df334d83247482ca3f438,d9a512774b892e21d498f8ea908bb3a7d586cd8c8cfa3506c52b6d5cae77628a,20.32,8.5964,5.0591,0.490157,0.393701,27.559,9.843,7.874,5.906,1.969,15.748,9.843,21.654,11.811,9.843,1.969,9.843,35.433,39.37,5.906,78.74,51.181,0.0,0.0,0.0,0.0
PatriciaCommins,143765newsML.txt,C50train/PatriciaCommins/143765newsML.txt,reference,353c083194c30b8136063ddd4dd6ca586a6686daaffff1566afeeb22af12c7cb,68fdb1bde707c722da5a5990869e0c8a618ea643a5b5471904cb79965c003008,19.5,8.3156,5.2564,0.558974,0.4,20.513,5.128,5.128,5.128,2.564,5.128,2.564,35.897,10.256,0.0,5.128,7.692,33.333,53.846,5.128,66.667,48.718,0.0,0.0,0.0,0.0
PatriciaCommins,153684newsML.txt,C50train/PatriciaCommins/153684newsML.txt,reference,e18d2ea0332a77de8791aa04d9577553dc71cb7cdda89a48cf3736d701348e53,3df4d10667e5710b80c2a1ac455c66bac85004d4d1f395ca84f05b50c86510b8,22.7,9.1602,5.2004,0.411894,0.484581,19.824,19.824,6.608,0.0,2.203,13.216,2.203,15.419,33.04,4.405,2.203,26.432,88.106,35.242,4.405,44.053,41.85,0.0,0.0,0.0,0.0
PatriciaCommins,156759newsML.txt,C50train/PatriciaCommins/156759newsML.txt,reference,769693718baa24ed763455b353509ce09ac1b130ead67d0f87ffb5af828e1004,78495a73d942561ed24774f5a71f4e38714689e897e9c1a0e5f81e6cfa08a138,27.7895,10.7878,5.0777,0.498106,0.409091,20.833,26.515,7.576,3.788,3.788,13.258,5.682,22.727,49.242,3.788,0.0,9.47,66.288,17.045,0.0,89.015,35.985,1.894,0.0,0.0,0.0
PatriciaCommins,15778newsML.txt,C50train/PatriciaCommins/15778newsML.txt,reference,f78da1a39085f8632dae85c5e62ebb72f6c1d96865331e460257a2068a91cd6a,8e6beaed6ecc5a96f5f018311f70fea3d0d10f640a033fd89535eccfd1d93d4a,21.0,10.4466,5.0331,0.515528,0.428571,20.704,22.774,8.282,2.07,2.07,4.141,2.07,26.915,24.845,6.211,2.07,18.634,55.901,28.986,10.352,62.112,45.549,0.0,0.0,0.0,0.0
PatriciaCommins,178068newsML.txt,C50train/PatriciaCommins/178068newsML.txt,reference,18d81f2f1120e0ccb1e670af998009695abbd93c914307ec5afd5ba10059b52e,a9913b8b17a097104c8212bc84b28ccc04cdd0061f3dab460368ff015491e241,20.1852,9.2738,4.822,0.456881,0.482569,18.349,9.174,5.505,0.0,7.339,7.339,5.505,22.018,22.018,9.174,7.339,12.844,44.037,44.037,5.505,67.89,49.541,0.0,0.0,0.0,0.0
PatriciaCommins,178089newsML.txt,C50train/PatriciaCommins/178089newsML.txt,reference,4e99e85aad8e8e44d2c5e8279babc20ef92a2e4eb511b52b9fa9133976b22ae3,0423bdc02edff1af267bf10a54060a64fe7a803c43c4636f1d72950a9e494ecb,20.0952,9.431,4.936,0.495261,0.464455,14.218,16.588,2.37,0.0,7.109,7.109,2.37,14.218,4.739,11.848,4.739,11.848,33.175,49.763,2.37,66.351,47.393,0.0,0.0,0.0,0.0
PatriciaCommins,18217newsML.txt,C50train/PatriciaCommins/18217newsML.txt,reference,a920a8215843e8cbab009806cb8bdb1a91dee58b59c33a084b034e1080cc1ce2,f925b92cd115855f284392e2f962c64cabafb56a1325e94c229b325aff87df74,22.5385,14.4148,5.2253,0.491468,0.447099,15.358,34.13,6.826,3.413,1.706,18.771,0.0,15.358,25.597,5.119,0.0,18.771,64.846,27.304,3.413,56.314,44.369,1.706,0.0,0.0,0.0
PatriciaCommins,18739newsML.txt,C50train/PatriciaCommins/18739newsML.txt,reference,570db7f36b648258af2dbf8db157fa2be07c9a88aa95af83a4951716e60d3310,f81a3eed44923f4a42837b256ad6eb5ca14580d68cef237d2811bab1f4936544,22.0,10.0277,5.1414,0.585859,0.45202,25.253,17.677,5.051,0.0,2.525,10.101,7.576,20.202,20.202,10.101,0.0,12.626,40.404,37.879,10.101,73.232,45.455,0.0,0.0,0.0,0.0
PatriciaCommins,203296newsML.txt,C50train/PatriciaCommins/203296newsML.txt,reference,b034fd79702caf760f55ee0d0b0fe725f6061ee055f67803de1c2c5a74213274,e3466b29a32ccee800c23b01b508b4e07d86cadf35addf9fe16393e56c2d59ff,20.9333,8.5827,5.2898,0.550955,0.44586,3.185,22.293,0.0,0.0,3.185,15.924,0.0,15.924,15.924,19.108,3.185,22.293,66.879,38.217,0.0,63.694,44.586,0.0,0.0,0.0,0.0
PatriciaCommins,205566newsML.txt,C50train/PatriciaCommins/205566newsML.txt,reference,056127feb75bf2b721b6031db274ba4c7be7f15b8ee537d2b68ed13885afcd54,5e1871fade9aeebe38958ab2d2a490692c6ea243a8f64e318390d61e3a131c5f,19.381,7.6686,5.059,0.506143,0.457002,29.484,27.027,7.371,4.914,2.457,14.742,2.457,34.398,27.027,9.828,2.457,12.285,44.226,29.484,2.457,56.511,49.14,0.0,0.0,0.0,0.0
PatriciaCommins,209925newsML.txt,C50train/PatriciaCommins/209925newsML.txt,reference,59e4bba5680ce97f6e9adc1eb866f141ef232dd5e60b4c273a812255bf39dea8,6469a6d854408416b9459b8bb02473ddc862601f653848c3cb0dc6ceec52357f,19.0476,7.895,4.885,0.525,0.45,17.5,17.5,10.0,2.5,0.0,15.0,7.5,35.0,37.5,5.0,2.5,5.0,37.5,27.5,5.0,87.5,50.0,0.0,0.0,0.0,0.0
PatriciaCommins,209945newsML.txt,C50train/PatriciaCommins/209945newsML.txt,reference,25c3544ac69dfbe5aaef08d4275564e854ae5953c5f45113d87fc2166b9013fa,d4244d3a9557e50e2724c428e199afffef2b8643d0a6317a799468ba2eedbb4d,19.7619,9.0338,4.8361,0.518072,0.450602,16.867,16.867,9.639,2.41,0.0,21.687,7.229,33.735,36.145,7.229,2.41,7.229,38.554,24.096,4.819,84.337,48.193,0.0,0.0,0.0,0.0
PatriciaCommins,213454newsML.txt,C50train/PatriciaCommins/213454newsML.txt,reference,9b0ed39cbaf4e40df56ae7d35c1db873521fd1cacecc00ca3ea5c9467d7273af,739506423ded72d2bb4cf22da6a28f87fdfaf40f900ee49c2f29d81470ba39d4,22.65,9.7277,5.0199,0.503311,0.426049,35.32,19.868,8.83,4.415,6.623,4.415,2.208,17.66,15.453,13.245,2.208,4.415,55.188,28.698,4.415,52.98,41.943,0.0,0.0,0.0,0.0
PatriciaCommins,217368newsML.txt,C50train/PatriciaCommins/217368newsML.txt,reference,286295e188e5c75dec97607104fd5040eecd42fb4c17d5ccbf36ef6b7dfb3ea0,bb1a778e508de620666c1e4aa67c22201513f14f2fc941356f6576c0ae65379f,19.3182,6.8582,5.3012,0.423529,0.374118,30.588,32.941,7.059,0.0,2.353,28.235,23.529,18.824,9.412,11.765,9.412,2.353,44.706,44.706,4.706,63.529,51.765,0.0,0.0,0.0,0.0
PatriciaCommins,2296newsML.txt,C50train/PatriciaCommins/2296newsML.txt,reference,01c03c6d2b899572f6a3a6a0945f4be51f81f0c3e814fed556754f12201e9fc6,fd50cd1a3fdc4b63723d1b7279f76ae0820c5287f790e38c3490366fe3fa99dd,23.4348,8.4433,4.8961,0.461967,0.450835,11.132,7.421,1.855,5.566,5.566,24.119,3.711,25.974,12.987,7.421,7.421,9.276,59.369,38.961,0.0,74.212,38.961,0.0,0.0,0.0,0.0
PatriciaCommins,231178newsML.txt,C50train/PatriciaCommins/231178newsML.txt,reference,c0d82eb9eabd7bc6ca01a96e8426fb1ad81fd669142be8bcf008b8b33fcd353b,e26a813399c93266a1fd9382c4d2b6616fb9c7db1bb5a02257cb900e9c5f2835,21.963,9.6167,5.0708,0.43339,0.478921,18.55,20.236,0.0,0.0,5.059,10.118,3.373,26.981,23.609,3.373,0.0,15.177,62.395,32.04,8.432,57.336,45.531,0.0,0.0,0.0,0.0
PatriciaCommins,237159newsML.txt,C50train/PatriciaCommins/237159newsML.txt,reference,cd9764d13e4c56fc12fdaa3d95fe7169ccba238fcc1e9ee42b59045c4b3cc572,a1322ab873fedd01838c2448221109a3854ff4fe48dda553272a761cdd2c59bb,17.3182,8.6937,5.1969,0.485564,0.43832,23.622,15.748,2.625,10.499,5.249,15.748,0.0,5.249,26.247,20.997,7.874,15.748,55.118,20.997,5.249,49.869,55.118,0.0,0.0,0.0,0.0
PatriciaCommins,251195newsML.txt,C50train/PatriciaCommins/251195newsML.txt,reference,ef6933f28f134a82c0ad299f5728d29380b156b1c04e15a6f32c7d26a2e73937,175e318447c6ec127fa7a3a1fb5b2febaefafd1cd79c46b91070f43633ff0e7f,21.12,11.5769,5.2955,0.448864,0.426136,18.939,26.515,5.682,3.788,1.894,13.258,5.682,26.515,35.985,5.682,0.0,17.045,58.712,22.727,1.894,47.348,45.455,0.0,0.0,0.0,0.0
PatriciaCommins,251347newsML.txt,C50train/PatriciaCommins/251347newsML.txt,reference,b4a0440fa10f09ad240d137f03b944c468044c684b324fc6fb1a4c685844612e,d1f7f60769619d9a3d42ef0a89a1388e06a59048037ba02795d4757c3aae90cf,18.0,8.9722,4.9806,0.427778,0.441667,44.444,16.667,5.556,2.778,0.0,11.111,2.778,36.111,27.778,5.556,2.778,2.778,33.333,33.333,8.333,75.0,52.778,0.0,0.0,0.0,0.0
PatriciaCommins,255134newsML.txt,C50train/PatriciaCommins/255134newsML.txt,reference,693d985442826addddaa750423f8b11a13f41a1ea6c4171f483092c168f96a90,3f9ef4d02fac73e79eec2708f23a866dc938cb69384b5daa344b891449489991,18.8214,8.8643,5.0361,0.483871,0.43074,22.77,22.77,0.0,3.795,5.693,13.283,0.0,5.693,17.078,9.488,3.795,22.77,28.463,28.463,1.898,58.824,49.336,0.0,0.0,0.0,0.0
PatriciaCommins,255733newsML.txt,C50train/PatriciaCommins/255733newsML.txt,reference,f05ca00bbe321b892796aac9571f60d80cc7e22b2dfb294375a74183207984de,7ca627e787a714725756a9dbae1a7598789443874bea6e804dd105a9e99e88a5,18.3103,9.3185,5.0395,0.487759,0.427495,22.599,18.832,0.0,1.883,5.65,13.183,0.0,7.533,16.949,11.299,3.766,22.599,28.249,30.132,1.883,58.38,48.964,0.0,0.0,0.0,0.0
PatriciaCommins,258801newsML.txt,C50train/PatriciaCommins/258801newsML.txt,reference,d73ce13590deb44b54d4fa64b69bcc7631b29e4bb578b585459113ba20a90d41,ac522b6091b57b6c2a352f2fe32efec781803dc6552b6c30e3619759380a09bd,20.96,7.7845,5.3569,0.427481,0.416031,26.718,36.26,0.0,3.817,0.0,19.084,1.908,34.351,38.168,9.542,0.0,7.634,57.252,30.534,3.817,80.153,47.71,0.0,0.0,0.0,0.0
PatriciaCommins,259000newsML.txt,C50train/PatriciaCommins/259000newsML.txt,reference,11dfaa73868d5121297baef29f11f4b993c91dd38785f75b4fd8064232bb2bb6,96d0958cfdddc78ffe7898b7f9d76430a9ae7df5d50a8debb670ab2f9a601791,21.0,7.6312,5.3389,0.501401,0.422969,22.409,28.011,0.0,11.204,0.0,11.204,5.602,25.21,42.017,5.602,0.0,11.204,53.221,39.216,5.602,56.022,44.818,0.0,0.0,0.0,0.0
PatriciaCommins,264335newsML.txt,C50train/PatriciaCommins/264335newsML.txt,reference,33d7b8bcc0e6fad2b8ff8feb6362a33ee9d94522b5dd7c011bd11aa2c0976f88,8fda63911444002ccddd439f17926a1bc8f6df34ccf53a2fbab771d023e62ce9,20.2273,8.4312,4.8404,0.494382,0.433708,15.73,15.73,8.989,4.494,8.989,8.989,2.247,35.955,26.966,11.236,0.0,6.742,56.18,22.472,11.236,65.169,47.191,0.0,0.0,0.0,0.0
PatriciaCommins,267178newsML.txt,C50train/PatriciaCommins/267178newsML.txt,reference,4812b0ae21085d5bd20e3aad14f8086e8881d48db0dde4d9cfa258e289332be0,d3730bdaf40156e700643bd8d33d5fdc36c1149a1c5bcbc6d049de48be7e88e4,19.1739,7.1363,4.898,0.487528,0.435374,13.605,18.141,9.07,6.803,9.07,9.07,4.535,31.746,27.211,11.338,0.0,4.535,54.422,24.943,11.338,74.83,49.887,0.0,0.0,0.0,0.0
PatriciaCommins,270137newsML.txt,C50train/PatriciaCommins/270137newsML.txt,reference,efec6ee09136877003757304947821fac22e37696b463f891660e3af714c0904,f9a4bcdc0ced98d02a09723c6052ef7a315624114adfa6a5765a7db564fc29ea,21.3636,10.0342,4.9128,0.493617,0.412766,14.894,12.766,8.511,2.128,6.383,10.638,8.511,21.277,25.532,8.511,0.0,8.511,68.085,42.553,8.511,57.447,42.553,0.0,0.0,0.0,0.0
PatriciaCommins,283991newsML.txt,C50train/PatriciaCommins/283991newsML.txt,reference,c91235b09ad924251ab7519549869066c9bbd172ed44f328f7215994f072dae2,d1a7703012d6dd78e3f3e7330a34e73cfcff8f59ed355c69569699fdb016fb08,21.24,6.3641,5.1412,0.487759,0.404896,13.183,26.365,3.766,3.766,1.883,18.832,1.883,39.548,28.249,5.65,1.883,3.766,47.081,28.249,11.299,65.913,47.081,0.0,0.0,0.0,0.0
PatriciaCommins,288774newsML.txt,C50train/PatriciaCommins/288774newsML.txt,reference,1a2a6e91989961c24e84cd59563574718f19107ed0eccd1214bfb15ed8767619,cde130d26539c5e7aaa5e666001cf9cffc0fd79feb9b42c307212dc851b8fc77,22.5,5.8181,5.0556,0.455556,0.428889,17.778,13.333,4.444,0.0,4.444,22.222,11.111,26.667,28.889,4.444,4.444,8.889,53.333,37.778,0.0,55.556,44.444,0.0,0.0,0.0,0.0
PatriciaCommins,291177newsML.txt,C50train/PatriciaCommins/291177newsML.txt,reference,c9631dc87cb63918e966faa3d19f0feb61bafed0b38663b96cdfbcb7630f5936,be9d73052a06d5c94dfbf24d0b8f421afaf892aa842e48cdf1b5281c5cc42057,24.7647,7.3367,4.924,0.477435,0.377672,30.879,16.627,2.375,0.0,0.0,19.002,2.375,28.504,16.627,9.501,4.751,2.375,40.38,38.005,4.751,47.506,38.005,0.0,0.0,0.0,0.0
WilliamKazer,305704newsML.txt,C50test/WilliamKazer/305704newsML.txt,official_test,71308d534380519c800ccd17a59b9df9bf6309b67a528b5c4fb081138740acd5,1a35d5cf630519577dea0bd398d18cf114e7e882ebbfc5260458600b346ee3f7,24.2941,6.977,4.9806,0.525424,0.469734,21.792,29.056,0.0,2.421,0.0,7.264,2.421,29.056,19.37,16.949,0.0,21.792,62.954,33.898,26.634,31.477,41.162,0.0,0.0,0.0,0.0
WilliamKazer,316238newsML.txt,C50test/WilliamKazer/316238newsML.txt,official_test,960ae6960870252ca310729eb10e16bc41b1f521eb87450cceddf0337a0f6fcc,6e3b5f4c13c9b4071314a6b8cfa1035ccd631db61fe5d5a7f4be25fdeed9d703,28.6,8.468,4.7343,0.494172,0.475524,25.641,13.986,6.993,4.662,4.662,11.655,9.324,32.634,25.641,11.655,2.331,16.317,69.93,27.972,0.0,46.62,34.965,0.0,0.0,0.0,0.0
WilliamKazer,320093newsML.txt,C50test/WilliamKazer/320093newsML.txt,official_test,f6d4725ac7e3ec1964bf97df48d1226230d50c0e48573e012ee3c597f5e65175,2709974451e2671bfac4ba9fc55da0082d368db2218c7131f0c92849a5998bd9,25.1579,9.4772,4.9059,0.491632,0.449791,16.736,25.105,4.184,4.184,6.276,2.092,8.368,29.289,31.381,12.552,2.092,12.552,77.406,18.828,6.276,27.197,39.749,0.0,0.0,0.0,0.0
WilliamKazer,323030newsML.txt,C50test/WilliamKazer/323030newsML.txt,official_test,0f9a6432fd0efc343120d622c09a07a1b897338fd6cc6f91728647f53f2df236,261540838810d10c5f506fee20b3c0b715fdd5f03782c721e483668d38ce667f,27.25,8.9547,4.9266,0.465596,0.477064,27.523,13.761,6.881,6.881,0.0,9.174,0.0,16.055,43.578,16.055,6.881,11.468,82.569,36.697,6.881,43.578,36.697,0.0,0.0,0.0,0.0
WilliamKazer,323194newsML.txt,C50test/WilliamKazer/323194newsML.txt,official_test,98b31cfb46588c6f147ce2562be08e1b1e90f7990801101f46500ee0eedad8ba,e81bd1350e81b1b7bf73dd225ca351fb56392d2994d785c0138fa4db4f2752ce,18.9259,7.8501,4.9159,0.469667,0.459883,11.742,19.569,0.0,7.828,1.957,1.957,13.699,21.526,27.397,17.613,0.0,7.828,45.01,41.096,0.0,48.924,52.838,0.0,0.0,0.0,0.0
WilliamKazer,326930newsML.txt,C50test/WilliamKazer/326930newsML.txt,official_test,880a8b74822555fb32b825452cd72c32978a94a9a93dace5e0fef34ca0284b94,c98a07330b65c014024de2add23bd59ccf73579db125bac3079d4096b51741e2,25.0,8.3666,4.9925,0.52,0.4625,15.0,25.0,0.0,2.5,2.5,5.0,5.0,22.5,42.5,12.5,2.5,17.5,75.0,32.5,0.0,32.5,40.0,0.0,0.0,0.0,0.0
WilliamKazer,345482newsML.txt,C50test/WilliamKazer/345482newsML.txt,official_test,0d07d8c741d89e38dad77c4daec278a482429e4d92339d74656ff188609eb58f,aea20c73ee9a70087cde672bcb425d6dfd5897287a554237c810e03fefa7b09a,21.8286,9.2535,4.6139,0.468586,0.517016,22.251,13.089,3.927,3.927,2.618,11.78,1.309,26.178,51.047,3.927,2.618,5.236,86.387,27.487,1.309,35.34,44.503,0.0,0.0,0.0,0.0
WilliamKazer,352827newsML.txt,C50test/WilliamKazer/352827newsML.txt,official_test,7b3e088ec63c9f08baa78bd280715b162bd060e853562c84f444139bb2f2785e,bff53538fb0879fcc19aca91ac8692b4df44e650f499de8c558fae8dc4f4737d,20.6562,8.9149,4.9864,0.493192,0.443268,24.206,15.129,3.026,6.051,4.539,9.077,4.539,9.077,30.257,6.051,4.539,12.103,69.592,25.719,3.026,33.283,48.411,1.513,0.0,0.0,0.0
WilliamKazer,391142newsML.txt,C50test/WilliamKazer/391142newsML.txt,official_test,b647b8384f7a6523840a91ad8361c59077b66ad547284676f2674963c9a50244,b6c99daddbf73a280a7824e52ffaf580b04bdcfba8280335f7b41b398efc79da,22.3043,10.3983,4.2417,0.504873,0.532164,46.784,15.595,7.797,9.747,11.696,13.645,7.797,13.645,17.544,15.595,0.0,7.797,40.936,15.595,5.848,40.936,44.834,0.0,0.0,1.949,0.0
WilliamKazer,395504newsML.txt,C50test/WilliamKazer/395504newsML.txt,official_test,f27719c19ee09dd6d837dfe86dee12ffa8b9293d8aa6990673ccfdda9a9600b2,45b199a91b8966b8396a0e913c13cace160d08e43b9e838cf5d99c7ad88909d1,20.7037,8.7636,4.9553,0.518784,0.450805,26.834,28.623,5.367,3.578,7.156,8.945,3.578,28.623,42.934,10.733,0.0,7.156,39.356,21.467,1.789,37.567,48.301,0.0,0.0,0.0,0.0
WilliamKazer,395790newsML.txt,C50test/WilliamKazer/395790newsML.txt,official_test,570f9ce391c36dbd493a2d7fb272749d55bdb7b1b2f004779e507615e87657dc,ba98ceca8b967dc982370faf62bcfd3d1c3db6aa3ce5e0068a2895141c2bd135,21.4444,10.0787,4.8472,0.53886,0.46114,33.679,18.135,7.772,7.772,2.591,10.363,2.591,20.725,31.088,10.363,0.0,2.591,82.902,33.679,7.772,38.86,46.632,0.0,0.0,0.0,0.0
WilliamKazer,396207newsML.txt,C50test/WilliamKazer/396207newsML.txt,official_test,9f751a9a2b1d636538ae9760ee935cc0fab4a8dbd60651671a90fc1f4b75a4cc,d3107cfa1bec2a8acb3e825801133f78cd26eb844435cc6f853219c1fb13c7b0,20.0741,9.7598,4.8856,0.560886,0.433579,31.365,23.985,1.845,5.535,9.225,9.225,3.69,23.985,42.435,11.07,1.845,5.535,40.59,20.295,1.845,53.506,49.815,1.845,0.0,0.0,1.845
WilliamKazer,396728newsML.txt,C50test/WilliamKazer/396728newsML.txt,official_test,9f2d4a2bb6a403301cab8b2f50718301e8f65739e09bbc4389f28cdec9457a21,c5ffc5c56125f97bbd00b9fca4614fbfab4c9baa6bdff4b0202e8b7fc3b02e1b,25.6,9.2973,4.8984,0.554688,0.441406,21.484,17.578,9.766,9.766,5.859,11.719,1.953,23.438,23.438,15.625,0.0,19.531,41.016,37.109,3.906,39.062,39.062,0.0,0.0,0.0,0.0
WilliamKazer,401033newsML.txt,C50test/WilliamKazer/401033newsML.txt,official_test,68c28a26c8eaa87c57bea1887eb4496c049e1e66600bfb20697517b6aa7b08b0,f7d4967d15da27f44c7a64e60f07dc8441f6e260f1620005f3950a1fccec9b49,20.0357,9.5972,4.8627,0.484848,0.472371,32.086,24.955,1.783,19.608,3.565,10.695,1.783,26.738,26.738,16.043,3.565,10.695,55.258,17.825,1.783,49.911,48.128,3.565,0.0,1.783,0.0
WilliamKazer,402543newsML.txt,C50test/WilliamKazer/402543newsML.txt,official_test,9e050ecd34425de4c6dd0679e03d6ba3e7f674b8a48c900df3ce0b96004d4bb5,8f88c0340cdc91efd71fb060eb00c5f48012ac423d439e7e25d1e27e1563191e,30.0667,8.1361,4.9534,0.485588,0.467849,11.086,26.608,13.304,6.652,4.435,8.869,4.435,26.608,53.215,4.435,0.0,8.869,82.04,35.477,13.304,42.129,33.259,0.0,0.0,0.0,0.0
WilliamKazer,405326newsML.txt,C50test/WilliamKazer/405326newsML.txt,official_test,4a452de2b351d110b88b76454da6f0d2b899e4538f982d1594b0b4091c93facc,0cdc7b72b66fcdf0f7a7b3d90eec4727e95590a607bb1d755f5b874f940d8484,16.0,8.6388,4.7589,0.526786,0.466071,21.429,19.643,7.143,14.286,3.571,5.357,3.571,23.214,19.643,17.857,5.357,3.571,62.5,16.071,1.786,71.429,62.5,0.0,0.0,0.0,0.0
WilliamKazer,412098newsML.txt,C50test/WilliamKazer/412098newsML.txt,official_test,ea0fe6f60e8e2fa44fe16ceb4f334d83abe35a9698560c540539f22d05425d07,7320b4129c09b513e2dadf2e2f716b169a9f5527359bdcf0c89d3f642f7c33f9,22.2,8.4238,4.8018,0.500901,0.45045,18.018,18.018,9.009,5.405,7.207,14.414,3.604,18.018,36.036,16.216,3.604,0.0,54.054,32.432,3.604,45.045,45.045,0.0,0.0,0.0,0.0
WilliamKazer,416243newsML.txt,C50test/WilliamKazer/416243newsML.txt,official_test,6bb3703646ae71f3a6b4d5c7f54e9c7872bfc483da9985b0fc966ff411d21c25,40a15d8e9a396138483203acc8da520b83e6092c78324da0c0e735fcb66b0420,21.2857,6.3632,5.0492,0.503356,0.46085,8.949,24.609,8.949,4.474,8.949,4.474,2.237,22.371,31.32,6.711,0.0,31.32,31.32,26.846,8.949,46.98,46.98,0.0,0.0,0.0,0.0
WilliamKazer,417666newsML.txt,C50test/WilliamKazer/417666newsML.txt,official_test,e39c2888892485591fdf421784fc1e4bf1a418d5ed791621e1575cedfc725f97,564f7b1f3fff5a5b4506f66a64b22616332ab4480fdbe9d8d1a1004ce4d9f3f4,25.0,7.1676,5.085,0.555,0.43,20.0,30.0,12.5,10.0,0.0,2.5,0.0,35.0,27.5,17.5,2.5,2.5,65.0,20.0,0.0,47.5,40.0,2.5,0.0,0.0,0.0
WilliamKazer,425219newsML.txt,C50test/WilliamKazer/425219newsML.txt,official_test,f5334bcc520d1055e65372770420e9c34992b31ed42cef0838d0884829d52ccf,635db7f2c1251dbeab2feab486b95f2daed50c6a7abdfa4a4854275e17241e0a,22.2143,6.0495,4.9871,0.598071,0.424437,6.431,12.862,12.862,0.0,0.0,12.862,9.646,16.077,22.508,12.862,3.215,16.077,48.232,35.37,3.215,41.801,45.016,0.0,0.0,0.0,0.0
WilliamKazer,426551newsML.txt,C50test/WilliamKazer/426551newsML.txt,official_test,df900f3ac2d10784a32658486da858355c1817c44da5b7b45d04bb02b22571a2,d11d4606334663816147e3b6d8a393653ad38ddeed09193603f4e61743f7f250,24.5833,6.7387,4.9288,0.525424,0.447458,13.559,23.729,6.78,3.39,3.39,10.169,0.0,23.729,33.898,10.169,0.0,6.78,61.017,44.068,0.0,33.898,40.678,0.0,0.0,0.0,0.0
WilliamKazer,429173newsML.txt,C50test/WilliamKazer/429173newsML.txt,official_test,e7f27831c52164a84f8aece0bc254f722efc5b7b4a1922b98fd0b020fc9dfae3,fcc03a0f077b462fbdec99808e7ef3c0108abcdeb5b3017f86b02a646a27323c,22.4348,9.7616,4.9302,0.515504,0.436047,31.008,15.504,3.876,1.938,5.814,17.442,1.938,32.946,21.318,17.442,0.0,11.628,58.14,23.256,5.814,34.884,44.574,0.0,0.0,0.0,0.0
WilliamKazer,430302newsML.txt,C50test/WilliamKazer/430302newsML.txt,official_test,1b06f794157b470c6c001e5c9350f6cd431f51fbf3c2f3c9d91fd93eaf80b1f4,fe37bdfec1a26d641a62cefa3b9cbfd9a214b47a94bef31a3b8c043fad4098f1,23.1429,7.12,4.9527,0.483539,0.423868,24.691,20.576,8.23,2.058,2.058,10.288,6.173,22.634,22.634,10.288,0.0,0.0,78.189,32.922,8.23,41.152,43.21,0.0,0.0,0.0,0.0
WilliamKazer,436341newsML.txt,C50test/WilliamKazer/436341newsML.txt,official_test,61f7926a4551174fff4610ca087c50977b16d429361542d3c7db19159b940879,b9be1ed40ff444165c8b99499af80d37932d97d9cbc6190b2679cd9abb0814a4,24.7391,7.2844,5.2935,0.507909,0.435852,21.09,19.332,1.757,0.0,0.0,14.06,7.03,22.847,26.362,15.817,1.757,10.545,63.269,42.179,7.03,29.877,40.422,0.0,0.0,0.0,0.0
WilliamKazer,444197newsML.txt,C50test/WilliamKazer/444197newsML.txt,official_test,1210f28c6267c82a7406ac6f30f2acb926f9898d3993728f9ebef8a5afbddae4,fd8487cf56cc60efc683656e249b7fb4aafb6f9b4ddb53841714fa297198b685,24.0,8.2248,4.7525,0.534314,0.446078,17.157,19.608,9.804,4.902,4.902,9.804,4.902,34.314,17.157,19.608,2.451,7.353,51.471,36.765,2.451,34.314,41.667,0.0,0.0,0.0,0.0
WilliamKazer,444464newsML.txt,C50test/WilliamKazer/444464newsML.txt,official_test,07af85221632d0ca0dc4864235a5d788921bee0b8d832166791ad94f6a1d0f2e,574d53d5ee33af2294a026e690676c2b5712adcfd15b3603a36f3bf94321589e,17.3214,9.9752,4.8433,0.484536,0.465979,14.433,22.68,2.062,2.062,4.124,12.371,4.124,39.175,41.237,10.309,4.124,10.309,47.423,20.619,10.309,28.866,57.732,2.062,0.0,0.0,0.0
WilliamKazer,451527newsML.txt,C50test/WilliamKazer/451527newsML.txt,official_test,9f940f215d6aadd6aa6d89e00617fde96a61a6cd1c3cd2c0b47d735ce29c0d33,4643234e70fb461501367fbc82998e0cd8d1e0711e90946564dbd9a5ab9da49a,23.0,7.746,5.3602,0.509317,0.397516,12.422,6.211,9.317,9.317,0.0,0.0,3.106,34.161,27.95,6.211,0.0,12.422,80.745,24.845,3.106,31.056,43.478,0.0,0.0,0.0,0.0
WilliamKazer,456140newsML.txt,C50test/WilliamKazer/456140newsML.txt,official_test,e9159cdbd1b3abb19c7b3085e33329ea17ee28b7aede5202cd2659994d22a5e9,4e62249b0be6e625ba2fd744d8e5021dc7542467bdc8737689fcf4658a8519ea,21.3077,8.809,4.8213,0.487365,0.483755,23.466,14.44,3.61,0.0,12.635,14.44,0.0,27.076,25.271,18.051,0.0,7.22,54.152,43.321,9.025,39.711,46.931,0.0,0.0,0.0,0.0
WilliamKazer,460924newsML.txt,C50test/WilliamKazer/460924newsML.txt,official_test,a059269743a82f4af1b051493f18fe0c40f2395c59c47a6e811943cd5411e5f8,e69e2ed7a1592a978fca0cd238d163fc9d2e1dfa8439e6b10d4d8a59bcc5be9e,27.7222,7.7732,4.8377,0.496994,0.462926,12.024,24.048,6.012,2.004,2.004,8.016,18.036,24.048,36.072,8.016,0.0,24.048,74.148,32.064,8.016,24.048,36.072,0.0,0.0,0.0,0.0
WilliamKazer,462143newsML.txt,C50test/WilliamKazer/462143newsML.txt,official_test,aadc65cf7497901fb360267ca0dfc29015d30655cd4e36f281464c4912576822,6044fc97eb01bba45b74b804a9e8998de467fea75cc95777e7a45f358dbc4cb8,25.1905,14.9112,4.6805,0.502836,0.461248,22.684,22.684,5.671,9.452,0.0,9.452,3.781,20.794,47.259,5.671,0.0,11.342,73.724,35.917,5.671,41.588,39.698,0.0,0.0,0.0,0.0
WilliamKazer,462169newsML.txt,C50test/WilliamKazer/462169newsML.txt,official_test,907a620f67e492bacc2d5fe0cf68585374be259fb647b9307fceb43f370bddb5,c29be6b6e41c78ec5323a585813ac524c38d8f6cee8095fbd456b35a931c905e,21.6765,11.565,4.9634,0.485753,0.430122,14.925,13.569,6.784,1.357,1.357,12.212,2.714,27.137,23.066,8.141,0.0,14.925,46.133,25.78,8.141,46.133,43.419,0.0,0.0,2.714,0.0
WilliamKazer,46254newsML.txt,C50test/WilliamKazer/46254newsML.txt,official_test,895560bcc6d552a14f9d1e95b7f1c9da2146ae3fb0eeaa390b215ec97a8c0ea4,cb02c6d22dd83320ca8075010973fffbeea656982595c9d13db140d9f989e9e5,24.5294,8.4235,4.988,0.513189,0.455635,35.971,9.592,7.194,0.0,2.398,7.194,14.388,21.583,38.369,11.99,2.398,16.787,110.312,16.787,7.194,35.971,40.767,0.0,0.0,0.0,0.0
WilliamKazer,463380newsML.txt,C50test/WilliamKazer/463380newsML.txt,official_test,a99018406ead17014547c22415cb65f2b77b568a8d41f348bc2c81127346a998,3f85a7f6cce68b48035569b8200912d4085a196ca53ffc884f2d545cc42e37a8,33.0,7.5324,4.7337,0.472089,0.46571,27.113,17.544,3.19,4.785,4.785,15.949,7.974,38.278,20.734,7.974,1.595,12.759,41.467,39.872,11.164,38.278,30.303,3.19,0.0,0.0,0.0
WilliamKazer,464888newsML.txt,C50test/WilliamKazer/464888newsML.txt,official_test,94ec65185505cdd76b469a5ef647d6a2e4625e1877b965464523ee37207ca62b,2ed095e7006fd11ae86f338df7be5e58c498924147d06fc119ff7f875aa0f595,23.6842,7.0938,4.9244,0.493333,0.471111,13.333,22.222,6.667,4.444,2.222,8.889,11.111,17.778,33.333,8.889,0.0,22.222,88.889,44.444,2.222,28.889,42.222,0.0,0.0,0.0,0.0
WilliamKazer,466101newsML.txt,C50test/WilliamKazer/466101newsML.txt,official_test,9bcc0dd366bf75747d295c3863145ef7f3143c963de3ab8097d2f822de00d98b,f1504bd70b555695b3299dfe486b6db077982cceaecbac650aaf548dd2858000,21.6552,11.0212,4.6433,0.469745,0.460191,30.255,15.924,4.777,4.777,9.554,14.331,3.185,28.662,23.885,7.962,1.592,4.777,54.14,38.217,6.369,30.255,44.586,0.0,0.0,0.0,0.0
WilliamKazer,467718newsML.txt,C50test/WilliamKazer/467718newsML.txt,official_test,889d4b10705c74dab9fdd92dd011001340ce80cceecba1a1d4b5cedc24ac8c6d,6ec2a42d935026b6800f507eacf749cd2af2237ca3440601d74a13458c1f81cd,21.4615,8.1157,4.9534,0.498208,0.453405,25.09,23.297,5.376,7.168,3.584,3.584,7.168,17.921,23.297,10.753,0.0,8.961,55.556,32.258,3.584,32.258,46.595,0.0,0.0,0.0,0.0
WilliamKazer,467962newsML.txt,C50test/WilliamKazer/467962newsML.txt,official_test,39c3ed88f7c4007f418d15b44a3ecbbb1a59cadcbb0b3caae187af077c48941b,f137049c461299ba795e287925c710998ad3ff11331d809ed873298cd6187ab2,24.4375,9.9371,5.023,0.544757,0.442455,15.345,10.23,12.788,5.115,5.115,15.345,2.558,17.903,30.691,10.23,0.0,10.23,92.072,35.806,2.558,38.363,38.363,0.0,0.0,0.0,0.0
WilliamKazer,473642newsML.txt,C50test/WilliamKazer/473642newsML.txt,official_test,15db2d315c8341e7d5f65189e4dc8d087a6eac4d15c11390ed7ac5795d7e1c04,8bdbd92aee3b02901833e0ea30a8fcb2bdb06048aa7946e3a0f1220ddb212d8a,20.6,9.6083,5.134,0.460194,0.450485,27.184,17.476,1.942,7.767,3.883,9.709,11.65,21.359,38.835,9.709,0.0,7.767,58.252,19.417,7.767,44.66,48.544,0.0,0.0,0.0,0.0
WilliamKazer,475305newsML.txt,C50test/WilliamKazer/475305newsML.txt,official_test,16d31a1ede6e77a50c08de998637ce19de04355b9961bf4cc8618801bb7a7d26,a7798ff022bb27de1872a7fc5d99cb92968b02978c348841f22de08ccd362f3f,22.2667,7.1876,5.2665,0.526946,0.422156,20.958,23.952,2.994,2.994,0.0,11.976,5.988,14.97,35.928,8.982,2.994,5.988,56.886,47.904,2.994,20.958,44.91,0.0,0.0,0.0,0.0
WilliamKazer,475505newsML.txt,C50test/WilliamKazer/475505newsML.txt,official_test,feca3710fed247eeb1d67225b46748110412b5cf90c0d4fbe103e2b6c9998ded,eeac943aae566448fe8a8a8e45dffa7ba482a3c7001d14bff5ee009235dd9eba,22.2667,7.1876,5.2665,0.526946,0.422156,20.958,23.952,2.994,2.994,0.0,11.976,5.988,14.97,35.928,8.982,2.994,5.988,56.886,47.904,2.994,20.958,44.91,0.0,0.0,0.0,0.0
WilliamKazer,476736newsML.txt,C50test/WilliamKazer/476736newsML.txt,official_test,22544d4477fb8d6979f9238134735ed3ba08136d4efe7070eef71f9973dd8144,6c685f8144f3199210461c9116bf9ebb91f08aeeede237ca620d85b5a083e7bf,23.36,9.2038,4.9332,0.496575,0.464041,18.836,22.26,8.562,1.712,8.562,15.411,6.849,17.123,22.26,17.123,0.0,15.411,71.918,32.534,6.849,34.247,42.808,0.0,0.0,0.0,0.0
WilliamKazer,480381newsML.txt,C50test/WilliamKazer/480381newsML.txt,official_test,73d6db972a00084f997185b29dca776b5cd0c128d10b1981bf914ea1977d0a89,cf123b6748571f5e1929ca8dd647c956c151e6fa7c50caedcb900ff2e5a0120e,21.6818,8.6937,5.1111,0.51153,0.450734,25.157,14.675,8.386,4.193,2.096,12.579,4.193,23.061,31.447,6.289,0.0,16.771,37.736,31.447,4.193,37.736,48.218,0.0,0.0,0.0,0.0
WilliamKazer,489283newsML.txt,C50test/WilliamKazer/489283newsML.txt,official_test,ea80fc663c400058dd52997eb2625a72e16d192fb31d4eaccb19be37318e3568,e65f52d249cf06578df3f7bdc752e2979246935230440f2e2b71e8d071550b5c,18.9259,8.2234,4.865,0.551859,0.473581,23.483,11.742,5.871,9.785,5.871,9.785,7.828,13.699,45.01,13.699,0.0,11.742,80.235,25.44,7.828,41.096,52.838,0.0,0.0,0.0,0.0
WilliamKazer,491019newsML.txt,C50test/WilliamKazer/491019newsML.txt,official_test,ba33562989f63a6b16102e7e08e7ee62997da5dee63b02089a35175df355fee5,d0e8e0714df99781eadb5ac0497f07491cd19762ca7a210ae892b0850749d7c7,21.0,8.2092,4.8799,0.513458,0.428571,8.282,24.845,6.211,12.422,2.07,12.422,4.141,24.845,31.056,4.141,4.141,6.211,55.901,31.056,6.211,41.408,43.478,0.0,0.0,0.0,0.0
WilliamKazer,49404newsML.txt,C50test/WilliamKazer/49404newsML.txt,official_test,136679275e3b84056a1181cebf416b13d874e4681e3f302bc996f3019fdab0d7,698cda645650e912ce51478b24c4785768b207f1152ed8ebc0dcdc81d43b5566,27.5333,8.3096,5.0799,0.539952,0.399516,14.528,26.634,0.0,2.421,0.0,4.843,7.264,24.213,33.898,24.213,2.421,4.843,67.797,36.32,7.264,41.162,38.741,2.421,0.0,0.0,0.0
WilliamKazer,504283newsML.txt,C50test/WilliamKazer/504283newsML.txt,official_test,6103bb7cd2f5104d8e533bd6b3af8c2bb1ede5e64b323b718fc14675bb7dc808,235642e5caa1b9a1e93a3d7b432e4f5110f5d44851a5fc17194e684623e05382,20.1,5.1952,4.8905,0.504975,0.462687,27.363,19.9,7.463,4.975,2.488,12.438,0.0,22.388,22.388,17.413,0.0,14.925,52.239,17.413,7.463,37.313,49.751,0.0,0.0,0.0,0.0
WilliamKazer,504526newsML.txt,C50test/WilliamKazer/504526newsML.txt,official_test,c9ebd386d8a7ccfe8f31c10a0315351d2b0a7c9f77315fe0f121b32b2c90984e,a5d42fd681e4e4bdf3334fa0949771865b60745fe2599f8aaf7a9a30f99bfe60,20.1,5.1952,4.8905,0.504975,0.462687,27.363,19.9,7.463,4.975,2.488,12.438,0.0,22.388,22.388,17.413,0.0,14.925,52.239,17.413,7.463,37.313,49.751,0.0,0.0,0.0,0.0
WilliamKazer,51502newsML.txt,C50test/WilliamKazer/51502newsML.txt,official_test,4e8e1d954f992ea93ac589441f07948d6af8edde80f2f2e818bec04693dbcc44,bff382c7266b92cf47eb9c323ddaa1660809fd6ba7f498d813249cd752f2ebe3,18.7333,7.576,4.8826,0.551601,0.459075,14.235,10.676,0.0,0.0,10.676,0.0,0.0,10.676,28.47,10.676,7.117,10.676,49.822,42.705,3.559,39.146,53.381,0.0,0.0,0.0,0.0
WilliamKazer,522090newsML.txt,C50test/WilliamKazer/522090newsML.txt,official_test,7dc1a2f42e6bcf718b05b7449c59328c0ad910062af04c0a8a493fbfa31bbfff,35aafdd91e7bcbae43cc6fde755f6edc068b26061658cd32afcc6b686266a69c,18.4828,7.5,4.7854,0.423507,0.472015,11.194,16.791,1.866,5.597,5.597,7.463,3.731,16.791,37.313,18.657,5.597,9.328,80.224,26.119,5.597,35.448,54.104,0.0,0.0,0.0,0.0
WilliamKazer,58312newsML.txt,C50test/WilliamKazer/58312newsML.txt,official_test,9de1364390bc82237ec7ea814234e85a0e2f622a64e418b2345f769292c787b5,451f6c76dc0aa7128527724591a7374028a6b1d808e2b30e7419ca2956f43b6c,32.2,12.5284,5.0021,0.519669,0.443064,37.267,22.774,4.141,8.282,2.07,12.422,4.141,18.634,35.197,10.352,2.07,12.422,74.534,18.634,6.211,43.478,31.056,6.211,0.0,2.07,0.0
TimFarrand,244215newsML.txt,C50test/TimFarrand/244215newsML.txt,official_test,22067c7575a304ad9088969aa6379dc01a82189e1e57e5638e0f8595dbf86840,9bcf741baf10c90ab4ab94ad49b0aa7d12a227f6bce9d0daffb3c04c42ad66b6,24.25,12.0078,4.5077,0.494845,0.494845,20.619,20.619,0.0,7.732,2.577,12.887,0.0,18.041,30.928,5.155,0.0,0.0,69.588,46.392,7.732,43.814,38.66,0.0,0.0,0.0,0.0
TimFarrand,247062newsML.txt,C50test/TimFarrand/247062newsML.txt,official_test,c490c298703134a67e2766847a1efc2e8487b239da10c25201bbe0e923071228,051ffeb4353ba3bde21de8fd9bdceea80d8623537922c7c7f8085c1552f83ed4,22.5,3.9051,4.8222,0.744444,0.555556,22.222,33.333,0.0,11.111,0.0,0.0,11.111,22.222,55.556,0.0,0.0,22.222,55.556,22.222,0.0,55.556,44.444,0.0,0.0,0.0,0.0
TimFarrand,24919newsML.txt,C50test/TimFarrand/24919newsML.txt,official_test,04ce3f3fc91dda076af08bed4fe1760bac3d62d8cf62e10faca05f6bb7e354cb,193611cad0c05fc3f9485631b20e4e5df3716bfdc9f2545d1c9ed0b42a7312c3,22.1379,8.4107,4.8364,0.443925,0.459502,32.71,17.134,4.673,12.461,3.115,10.903,17.134,40.498,43.614,7.788,3.115,1.558,65.421,17.134,7.788,48.287,42.056,1.558,0.0,1.558,0.0
TimFarrand,250585newsML.txt,C50test/TimFarrand/250585newsML.txt,official_test,b8a8d4217b826641579019a3c33c62d336675203147cd352d515e52b5d6a6e79,d370c12635b5f126db314990b1acc16c902afb14d08fca33233c33eddd5965e5,17.1053,8.4722,5.0708,0.56,0.427692,12.308,6.154,6.154,3.077,6.154,3.077,18.462,21.538,27.692,12.308,0.0,6.154,52.308,24.615,3.077,33.846,58.462,0.0,0.0,0.0,0.0
TimFarrand,253041newsML.txt,C50test/TimFarrand/253041newsML.txt,official_test,2aa18b4b648e533f8be1b56eb8ba5902dbd817ae8b2eb6169ba89ae5440f91a5,9e45d6505a0e688885fc5138a7e596985e55f2cef41ad2004cdda77f2ad19d84,20.5789,7.9757,5.1688,0.531969,0.419437,12.788,35.806,7.673,7.673,2.558,10.23,10.23,30.691,20.46,10.23,0.0,2.558,51.151,28.133,5.115,35.806,46.036,0.0,0.0,0.0,0.0
TimFarrand,253128newsML.txt,C50test/TimFarrand/253128newsML.txt,official_test,e09eb117797867d779d3ad325f06508405ff0b056e332f3d4a445c81cfc789df,294ac0e614e8eb1886778e83a5bf1442e56973693c682efffc38c1d77f498360,22.8,8.0536,4.9715,0.486842,0.399123,10.965,41.667,6.579,8.772,0.0,10.965,4.386,32.895,26.316,8.772,2.193,4.386,37.281,32.895,8.772,41.667,41.667,0.0,0.0,0.0,0.0
TimFarrand,258162newsML.txt,C50test/TimFarrand/258162newsML.txt,official_test,076db284e27d7a5f9bcfc1c19505ed70694d7e28c740cf649e152519b6f6feb5,06d30e3abfb01b2c457933758e389226b689e387af6303a838dac0bbd1ffa1d5,23.4091,7.872,4.6718,0.487379,0.464078,23.301,21.359,1.942,9.709,1.942,5.825,3.883,52.427,29.126,15.534,1.942,5.825,66.019,33.01,9.709,44.66,40.777,0.0,0.0,0.0,0.0
TimFarrand,259532newsML.txt,C50test/TimFarrand/259532newsML.txt,official_test,6c8a6712c5f476ac6397b92a928d2e565c8b27a73d13a15baadc9250735e17ac,b41f93a316866486e521e8f64264a0eb949d36888fdf9525ebf748294d70e946,20.7727,10.5181,4.547,0.452954,0.490153,21.882,28.446,8.753,6.565,2.188,4.376,0.0,43.764,37.199,6.565,2.188,8.753,76.586,32.823,8.753,37.199,43.764,0.0,0.0,0.0,0.0
TimFarrand,262620newsML.txt,C50test/TimFarrand/262620newsML.txt,official_test,406ba2d96b0ba15bdde1f363b518a571668e65f38aa80c97ca4a34d2e4df75be,856f78d988b5fb1380e505d33b8c0aa4b09ccc98b938c88cbc5e028e0580ba3d,19.5909,11.7885,4.6682,0.433875,0.443155,13.921,20.882,0.0,4.64,2.32,6.961,6.961,20.882,18.561,13.921,2.32,2.32,58.005,44.084,4.64,39.443,48.724,0.0,0.0,0.0,0.0
TimFarrand,262644newsML.txt,C50test/TimFarrand/262644newsML.txt,official_test,49e1bd7d890a49fb8a478f6ff16ec8c99ae523d5a828762b6e30478ed24ee5a9,20c6a1a1600c439bb588b87b548185d60b3a910fe02877b076dec9683c3cf556,20.0,10.8898,4.6794,0.520588,0.447059,14.706,32.353,0.0,5.882,2.941,5.882,2.941,38.235,17.647,5.882,2.941,2.941,44.118,35.294,8.824,26.471,44.118,0.0,0.0,0.0,0.0
TimFarrand,267753newsML.txt,C50test/TimFarrand/267753newsML.txt,official_test,cf6682a30ce6c49e092d523eb134337dbd7f1daaf42882697abd70f790a6436c,3d97ef6ff789c83590f7b5aed8ea5d3356c99e04d557f4557aba494c9e540fb4,12.875,9.7267,4.3301,0.679612,0.524272,38.835,9.709,19.417,0.0,9.709,0.0,0.0,29.126,29.126,9.709,0.0,0.0,38.835,19.417,0.0,38.835,77.67,0.0,0.0,0.0,0.0
TimFarrand,267997newsML.txt,C50test/TimFarrand/267997newsML.txt,official_test,756b5ed5e812748bdea26ba708085a9785ca759b07462fa4fae4612d3a53389e,b6b6ec6190a0361a557be6402fbf867b278d23c104f02afc5727274b1d3a48c3,22.4667,8.5469,4.8724,0.563798,0.486647,32.641,20.772,5.935,14.837,2.967,8.902,11.869,17.804,26.706,2.967,0.0,2.967,44.51,44.51,8.902,56.38,44.51,2.967,0.0,0.0,0.0
TimFarrand,292123newsML.txt,C50test/TimFarrand/292123newsML.txt,official_test,e95204aec0f7373800ebc47bff77f2854bcb2ea73033092b9614bfc84ee82d0e,3175a2377f06276eeb74a93a61a9ae2cc0dde40b146911af5dec217b3bd17bf6,21.7692,8.2149,4.9717,0.454064,0.420495,21.201,22.968,3.534,8.834,0.0,10.601,3.534,31.802,28.269,12.367,0.0,0.0,70.671,14.134,3.534,35.336,44.17,0.0,0.0,0.0,0.0
TimFarrand,306551newsML.txt,C50test/TimFarrand/306551newsML.txt,official_test,0aebb131691b6ee2aea9cbd565a0efad96b91c71c58d90a7b21bee524ec34cbd,a0b291d1b393390b6f83d01da067c787d7b81fee9c84c6aaf9051dbc12b55376,26.3684,10.7958,4.7166,0.489022,0.471058,23.952,39.92,0.0,7.984,3.992,5.988,5.988,27.944,25.948,11.976,0.0,1.996,55.888,33.932,3.992,35.928,35.928,0.0,0.0,1.996,0.0
TimFarrand,307168newsML.txt,C50test/TimFarrand/307168newsML.txt,official_test,71894d271fc947b6b0fe9e0d64edf6cd3ea45641505771896a8ddbf8f98360e1,a28d55bf0ab12b9d5fa2e25c48cc30d15579790c4a7ed78fe6e5afd10f805d1e,33.3333,7.3182,4.69,0.67,0.53,30.0,50.0,0.0,10.0,0.0,10.0,10.0,20.0,40.0,0.0,0.0,30.0,90.0,0.0,0.0,30.0,30.0,0.0,0.0,0.0,0.0
TimFarrand,309610newsML.txt,C50test/TimFarrand/309610newsML.txt,official_test,b7abb1b0798609a880bdf8a42fa7224c62ee9bb837e28899d912b3762e832253,fd004a930f85034df5e5f9133a7fa6e2d43acc94d7b2fe1cff088680b3f285dc,20.2692,10.3573,4.926,0.514231,0.432638,17.078,15.18,7.59,7.59,11.385,7.59,3.795,55.028,24.668,15.18,0.0,1.898,53.131,32.258,9.488,41.746,47.438,0.0,0.0,0.0,0.0
TimFarrand,31031newsML.txt,C50test/TimFarrand/31031newsML.txt,official_test,4721e41dfdf3d2265f6eb14412f7ae7d3c80fc62aec6b16b62665cd8b8c41c3b,de6592126ef0cbb7aeb0979aa4c9ac79af5c78518ca75d6e91a1b7c7bf4d71db,22.6786,9.4757,4.7811,0.44252,0.477165,18.898,36.22,6.299,3.15,4.724,17.323,4.724,34.646,18.898,7.874,0.0,9.449,70.866,36.22,6.299,36.22,42.52,0.0,0.0,0.0,0.0
TimFarrand,31143newsML.txt,C50test/TimFarrand/31143newsML.txt,official_test,a0f2407b1ca416d89fd3567b361f4ac1d2ce568045d6e67160f4331307c9b4b5,d3b881f281c661ef2c073f006d734706a9f7a0555846eea2a7ea1a6930a21439,22.7826,8.1024,4.7691,0.45229,0.490458,17.176,38.168,5.725,1.908,5.725,11.45,9.542,40.076,20.992,5.725,0.0,11.45,64.885,38.168,3.817,36.26,41.985,0.0,0.0,0.0,0.0
TimFarrand,315548newsML.txt,C50test/TimFarrand/315548newsML.txt,official_test,0f7e4d9517c4886016f8464b34ff869ded6297541894dc41e5289b811c616d1f,786599e10095811a9eca3382006d0af851114ca42e9daca1fd47b56c63183479,25.4783,9.5411,4.7509,0.46587,0.464164,22.184,22.184,0.0,8.532,1.706,3.413,5.119,27.304,32.423,10.239,1.706,10.239,54.608,32.423,3.413,30.717,37.543,0.0,0.0,0.0,0.0
TimFarrand,318218newsML.txt,C50test/TimFarrand/318218newsML.txt,official_test,955f5040be2ce329abebde53d508a13871ecca911958e8fc764d629114883af4,252fbd20509e158c0d5c88f9e18c14102f37ef90206cdb5da7440edf57227406,21.9545,12.5932,4.7805,0.515528,0.47205,22.774,24.845,8.282,18.634,6.211,18.634,2.07,16.563,33.126,20.704,0.0,8.282,51.76,20.704,10.352,47.619,43.478,0.0,0.0,0.0,0.0
TimFarrand,325763newsML.txt,C50test/TimFarrand/325763newsML.txt,official_test,ac7d38c06a92b0338175cbf24a574e49ef0c85bfe98deb856974848f630d6190,ebb69877346e3ebd12c04254557a4707db3f3ed277efaf45d843617d59dd1ebc,20.0,9.2466,4.8025,0.51,0.4425,15.0,17.5,2.5,22.5,0.0,2.5,7.5,32.5,25.0,10.0,5.0,2.5,65.0,30.0,7.5,45.0,47.5,0.0,0.0,0.0,0.0
TimFarrand,325855newsML.txt,C50test/TimFarrand/325855newsML.txt,official_test,395a6679ca84a2c5971ea50e90ded6002a53d58b9f7a6a03432854a134747fea,348dad08e95ef0171498c7254ebb7cede8fee84b8df6472c6649f30fd25947d6,20.6667,11.3627,4.7661,0.534946,0.44086,16.129,18.817,2.688,26.882,0.0,5.376,8.065,26.882,26.882,5.376,5.376,2.688,61.828,29.57,8.065,48.387,45.699,0.0,0.0,0.0,0.0
TimFarrand,326348newsML.txt,C50test/TimFarrand/326348newsML.txt,official_test,5b8f5404ef3e3a5307d667a269687b753e9f9c7a8146bacb4d5a3018b615bb0e,437a2cf0ffcb14e9ddadfa7921fb0cc680d8081cddd8e49c4b32fe2318d75e9d,19.5,9.5473,4.5846,0.492308,0.487179,23.077,10.256,0.0,17.949,10.256,7.692,12.821,51.282,17.949,5.128,2.564,2.564,66.667,30.769,5.128,56.41,48.718,0.0,0.0,0.0,0.0
TimFarrand,34067newsML.txt,C50test/TimFarrand/34067newsML.txt,official_test,c09fe35a0b136bcd57cf37deafdf9c5900d5cc718e3a78089ad6fdd5946f4984,8f826fac0e74730023690d4836cd16aebb1c194f01812344283ce1dc0bcb9532,19.5556,12.0979,4.8949,0.579545,0.420455,11.364,34.091,0.0,5.682,2.841,11.364,5.682,39.773,19.886,19.886,0.0,8.523,31.25,45.455,5.682,48.295,48.295,0.0,0.0,0.0,0.0
TimFarrand,345001newsML.txt,C50test/TimFarrand/345001newsML.txt,official_test,3b69b6d958f94011155ace351ab788881e09abb4a3d4f9347799a20df0eb163a,f96ce4643828e1f0cafbc156bc0993b5fd863fcb46a6b858b93cbbf165bee5ad,22.4762,10.1166,5.0169,0.459746,0.442797,12.712,21.186,8.475,8.475,10.593,12.712,16.949,36.017,21.186,6.356,0.0,8.475,82.627,12.712,4.237,33.898,42.373,0.0,0.0,0.0,0.0
TimFarrand,361229newsML.txt,C50test/TimFarrand/361229newsML.txt,official_test,444544184c141f06244c4d5ee39b35602b8a714a00ebc6e13147da3d2c9c24c0,2b2f097d20305d7d32559dd7b8d8237ff0c0c04eca017a70fd62d7fa782ec6a2,23.7333,7.8864,4.9438,0.511236,0.429775,5.618,11.236,2.809,8.427,14.045,0.0,2.809,39.326,30.899,11.236,0.0,5.618,73.034,28.09,19.663,70.225,42.135,0.0,0.0,0.0,0.0
TimFarrand,364018newsML.txt,C50test/TimFarrand/364018newsML.txt,official_test,3c49f39a720e95cd9d1126050513babf848b07ced8edd2c401bee80f7f70a4b6,75e77ce23dd7c091e09c92d1394375416711f228436a6c18ee89dc28938be891,26.3478,10.9211,4.7772,0.480198,0.473597,31.353,19.802,11.551,4.95,9.901,16.502,3.3,26.403,39.604,13.201,3.3,0.0,67.657,33.003,0.0,29.703,36.304,0.0,0.0,0.0,0.0
TimFarrand,364077newsML.txt,C50test/TimFarrand/364077newsML.txt,official_test,c24de8cc9cdcf64fb956cd44b71378740b54bbe8641d2f6faf0bdd7871d3bdb4,09bcc4bbacd00a633558b5f5cb414692e4a34e7571c4cbb045391bc85582701f,26.3478,10.9211,4.7772,0.480198,0.473597,31.353,19.802,11.551,4.95,9.901,16.502,3.3,26.403,39.604,13.201,3.3,0.0,67.657,33.003,0.0,29.703,36.304,0.0,0.0,0.0,0.0
TimFarrand,367648newsML.txt,C50test/TimFarrand/367648newsML.txt,official_test,5b6212088a19509c97222645bb8ab849965de9379be8a577a2ed9383ae165b19,88e9e6c79c353995ba9fcbc78d752cb0fafad2b63bc2a68c23fc481871f3ab69,22.05,10.0771,5.0612,0.512472,0.38322,13.605,22.676,15.873,6.803,6.803,9.07,9.07,52.154,36.281,11.338,0.0,2.268,68.027,20.408,4.535,45.351,43.084,0.0,0.0,0.0,0.0
TimFarrand,368884newsML.txt,C50test/TimFarrand/368884newsML.txt,official_test,c5e5b04d6808f0f966bee36c088098ba4ab76714e6bfe8f87ca494b7cf02de15,13bb9ade912cd413e1b044bb4c11b5bc9c3b5a20847631440b1d04f644aec5c1,28.65,11.5468,5.0035,0.497382,0.478185,17.452,33.159,5.236,1.745,6.981,12.216,1.745,40.14,24.433,12.216,5.236,5.236,57.592,36.649,6.981,62.827,36.649,0.0,0.0,0.0,0.0
TimFarrand,370324newsML.txt,C50test/TimFarrand/370324newsML.txt,official_test,5e51e559957119b814a412b6c24ca0c353f4025b591648080779c565495553bd,6b94f00b25d9136d1e4eb8da812bbb48e99b87f27b0d3392b78295bbe7d63545,26.375,12.7371,4.9179,0.480253,0.480253,22.117,33.175,6.319,1.58,6.319,14.218,3.16,39.494,26.856,12.638,4.739,4.739,56.872,34.755,6.319,63.191,36.335,0.0,0.0,0.0,0.0
TimFarrand,370357newsML.txt,C50test/TimFarrand/370357newsML.txt,official_test,f49231b7aa0397df5a0936d9387cceb88c8e54bc661db0ea7dda61dd10e9cf87,54e54e9ac473ef9dfd34006b0b7c96abe1183e42b980a6d65da708f07adc40f1,27.0,12.4097,5.1811,0.512346,0.471193,10.288,37.037,4.115,2.058,10.288,10.288,0.0,39.095,30.864,10.288,6.173,4.115,57.613,28.807,2.058,67.901,39.095,0.0,0.0,0.0,0.0
TimFarrand,394805newsML.txt,C50test/TimFarrand/394805newsML.txt,official_test,8d789c2b080c218392ac30649ca093dfaaa83d8ec32c78beda93ea9b5bf31653,e2ce51ea42cf4498cba4cc6fdc14a4c64921aa5aea85f1ed6019bc7422bb7bb8,25.8,11.1158,4.7597,0.620155,0.484496,15.504,34.884,3.876,0.0,0.0,3.876,3.876,27.132,34.884,3.876,0.0,11.628,50.388,42.636,3.876,34.884,38.76,0.0,0.0,0.0,0.0
TimFarrand,394806newsML.txt,C50test/TimFarrand/394806newsML.txt,official_test,6ff8e1ddba7fb67d9bcdbf4e41ab915e7ec91d2eed120b7e29ef54c3b4b01954,f3f0a4b223b38f6824f3fe2ad1dbe0fdb62aa034ea70d3d8723e13fd561bba09,22.35,11.2884,4.5302,0.478747,0.550336,13.423,24.609,8.949,2.237,0.0,13.423,2.237,44.743,20.134,11.186,6.711,11.186,80.537,22.371,4.474,35.794,46.98,0.0,0.0,0.0,0.0
TimFarrand,406917newsML.txt,C50test/TimFarrand/406917newsML.txt,official_test,6db53412c0a48ed35f23522e4b346d71fad293a88da1fef2ceae67fe148da688,a6c8a092d2bef2004e6142d4f55b3f36072bdfc27476ef6d7977fb6a7a7d84d6,23.125,13.2549,4.8523,0.502703,0.430631,23.423,37.838,5.405,10.811,1.802,5.405,1.802,16.216,27.027,9.009,5.405,0.0,41.441,28.829,5.405,55.856,37.838,0.0,0.0,0.0,0.0
TimFarrand,408132newsML.txt,C50test/TimFarrand/408132newsML.txt,official_test,e2244bdb2026559d91af1ef4c8fc249fc6c62a1b6754ac67ba374a27c3ae3cab,c4ab98bc67b40f3c890ba29fe8a948a58a860e8e11ffb0d5c558b3268b1b3e8b,19.375,8.038,4.6903,0.422581,0.490323,12.903,16.129,0.0,12.903,12.903,9.677,25.806,41.935,29.032,16.129,3.226,0.0,54.839,29.032,3.226,41.935,48.387,0.0,0.0,0.0,0.0
TimFarrand,408804newsML.txt,C50test/TimFarrand/408804newsML.txt,official_test,14e28a897d8536a2ca19c65318c0e5ddbbdcb2fe13890282960208f5a5d32c70,fb751530c293653b37bdc83fb3fbe3b5ada8dcc79761ae70f0f5a64c093592b3,27.6667,13.2749,4.2651,0.578313,0.46988,12.048,0.0,0.0,0.0,24.096,24.096,12.048,60.241,0.0,24.096,12.048,0.0,72.289,36.145,0.0,60.241,36.145,0.0,0.0,0.0,0.0
TimFarrand,417103newsML.txt,C50test/TimFarrand/417103newsML.txt,official_test,00ccdee69a68a99d4ba2b13efcf5159605c5ba8a5f08ff6acbf5c9eacbdfd41d,17252113ec30bad600801ded5e9b31d9a491ffbfe72635dd22a8478d8de958e3,20.7,10.1691,4.8406,0.44686,0.490338,9.662,21.739,4.831,9.662,4.831,7.246,2.415,31.401,21.739,12.077,2.415,12.077,26.57,19.324,4.831,36.232,45.894,0.0,0.0,0.0,0.0
TimFarrand,420491newsML.txt,C50test/TimFarrand/420491newsML.txt,official_test,5bd081a2399e1e4fd9b412267f5f43b6ea61316684acd0f643e32f88dfa7429f,644beb468544dbe057c97acffc7455453f0dc3403cd4e70a4723e33d09f3b1b4,23.7857,8.1607,4.9324,0.468468,0.486486,33.033,31.532,3.003,3.003,0.0,10.511,4.505,25.526,28.529,10.511,1.502,9.009,82.583,24.024,3.003,40.541,40.541,0.0,0.0,0.0,0.0
TimFarrand,420497newsML.txt,C50test/TimFarrand/420497newsML.txt,official_test,b9d01c638fb2c1d756fa7bd5a0983e3c1179163de65c3a27e48f416e33863774,19ccc088a5fdb2fc844d8ea6ea2faa620d436b4e5352a5bd9fa506de4cfc9e25,20.1739,7.682,4.8858,0.491379,0.478448,19.397,23.707,4.31,17.241,6.466,4.31,6.466,25.862,10.776,12.931,2.155,10.776,53.879,25.862,8.621,30.172,47.414,0.0,0.0,0.0,0.0
TimFarrand,421639newsML.txt,C50test/TimFarrand/421639newsML.txt,official_test,840b23696ba63e637d2c7c21806aa1ef681c0be42114b0374f21acf6e2e55bed,d063f5a00a655e824b1f38eff2b16e5aab565c9f41d5ba775ef49d7b48b6c086,24.45,10.4474,5.1575,0.541922,0.445808,20.45,16.36,12.27,2.045,2.045,6.135,12.27,30.675,24.54,4.09,0.0,12.27,44.99,34.765,10.225,34.765,38.855,0.0,0.0,0.0,0.0
TimFarrand,422052newsML.txt,C50test/TimFarrand/422052newsML.txt,official_test,4194011a29294717ba9ca813b30c55e40d3713d08bc7c172dad08d58cf675af0,55ea2b42d5110a23f9b47e8bd9572144a59627d5c8fc1c74a9d9dec665e99321,24.45,10.4474,5.1575,0.541922,0.445808,20.45,16.36,12.27,2.045,2.045,6.135,12.27,30.675,24.54,4.09,0.0,12.27,44.99,34.765,10.225,34.765,38.855,0.0,0.0,0.0,0.0
TimFarrand,422134newsML.txt,C50test/TimFarrand/422134newsML.txt,official_test,b61d079cb4f4260bb7aa7eacb28a5d0f9b506316e2768e9310db34c5e91fa478,56a2cc6636c00c1f9a3fad82ec317771e9e4c777af34158de02f7d65e1d5052a,24.7222,8.9617,4.8944,0.523596,0.507865,8.989,24.719,13.483,4.494,4.494,2.247,6.742,24.719,20.225,8.989,0.0,11.236,49.438,31.461,8.989,31.461,38.202,0.0,0.0,0.0,0.0
TimFarrand,424443newsML.txt,C50test/TimFarrand/424443newsML.txt,official_test,52f44ace93da136c2db0c41dbab320f7bd57d437c9836378ef978d83b4e21446,aec93ff651f7f6fc3c885de5e68667c954fce92985efc1ebb12015c4735b22b2,21.4074,10.3611,4.9343,0.474048,0.455017,17.301,24.221,1.73,6.92,3.46,10.381,19.031,39.792,15.571,6.92,0.0,1.73,50.173,39.792,1.73,24.221,46.713,0.0,0.0,0.0,0.0
TimFarrand,424512newsML.txt,C50test/TimFarrand/424512newsML.txt,official_test,d3395a7089e88ee66f0cca186151b443461ed9b8b42376e4485b3c242d8646b3,78304b49544bbdd2558a324fbc2be6c786a056f65c38eb5797a015be2d3cb6e5,23.5385,8.2613,5.1275,0.568627,0.388889,19.608,29.412,9.804,9.804,13.072,6.536,19.608,32.68,19.608,9.804,0.0,3.268,52.288,26.144,3.268,45.752,39.216,0.0,0.0,0.0,0.0
TimFarrand,425010newsML.txt,C50test/TimFarrand/425010newsML.txt,official_test,2fd7c2699fb656f1f09ebb0716f8cc44417f6ff98d6e221074547b831d137f04,35dbb6a7ad8811dbfded12f584efa087355211d41f62934106b8410dc21b3151,18.0,10.9727,4.8778,0.8,0.444444,11.111,0.0,0.0,22.222,11.111,0.0,11.111,55.556,11.111,0.0,0.0,11.111,33.333,33.333,11.111,44.444,55.556,0.0,0.0,0.0,0.0
TimFarrand,427280newsML.txt,C50test/TimFarrand/427280newsML.txt,official_test,c8db776bb174c8f24ed2e2d13ef3d32d901f05c226274a1794f6e0a5bc4834bb,51f9a59f7408f0e2d1ffb0015521ec856e2a6392ecf5733ff6d985db8830ae0c,20.087,8.6422,5.0195,0.547619,0.441558,12.987,19.481,8.658,8.658,2.165,6.494,30.303,30.303,25.974,8.658,0.0,10.823,47.619,30.303,2.165,49.784,45.455,0.0,0.0,0.0,0.0
TimFarrand,438886newsML.txt,C50test/TimFarrand/438886newsML.txt,official_test,f8e0137b3874c10425a862c261693814aa9e96d7db6446ce9ba62e1f52e317ea,bfe5ed92cd3b7c15571fbef65b355d5ba7417f646be666089ab5542062280b66,19.5909,8.4888,4.877,0.49652,0.445476,16.241,27.842,6.961,4.64,6.961,0.0,13.921,41.763,20.882,6.961,2.32,2.32,37.123,41.763,6.961,44.084,48.724,0.0,0.0,0.0,2.32
TimFarrand,438888newsML.txt,C50test/TimFarrand/438888newsML.txt,official_test,0d7791f252e51e892aa89968fd36211ac36f23d7af1fb1dc97da87b0a17433d6,43510ae966eaf0ca25cb3cd60b5908ad5d13fef039f54bb1c4394d1f62e0d308,19.0714,6.902,4.779,0.558052,0.486891,26.217,18.727,3.745,7.491,7.491,3.745,11.236,41.199,18.727,7.491,3.745,0.0,41.199,41.199,0.0,48.689,48.689,0.0,0.0,0.0,0.0
TimFarrand,440541newsML.txt,C50test/TimFarrand/440541newsML.txt,official_test,1d4666504f24ee7527fe3defe1203c42a5ecad68c102a54c98f6c3249f0519f4,eb2102437b5ac4bb5d9a01633a211d02cdfe1bd2a9f9bf624c82bf8bf57b2c47,17.48,7.6006,4.9748,0.501144,0.423341,13.73,25.172,6.865,2.288,6.865,9.153,16.018,36.613,27.46,9.153,0.0,6.865,57.208,25.172,4.577,48.055,54.92,0.0,0.0,0.0,0.0
PatriciaCommins,2911newsML.txt,C50test/PatriciaCommins/2911newsML.txt,official_test,79d3e436239be1c0014880d2f9081a16abb36ab7254bdeadb491c2f782591d88,ab908649e2e0800e5671cf9cde502bf6db7f850826c9b995e1b0f44c36afa30d,22.875,9.3332,4.9235,0.530055,0.439891,16.393,0.0,2.732,5.464,5.464,24.59,8.197,24.59,8.197,2.732,10.929,8.197,57.377,35.519,0.0,76.503,38.251,0.0,0.0,0.0,0.0
PatriciaCommins,293689newsML.txt,C50test/PatriciaCommins/293689newsML.txt,official_test,28497fa739c731b1d46d164f20735b40d887136927e299ca8585dee7dcf8352b,fe2361d8f6900408c7a59bf07cdae579a59447ed57052c8d1b5fe9eb1917934c,20.7826,7.6837,4.9372,0.481172,0.393305,31.381,18.828,2.092,6.276,6.276,14.644,4.184,35.565,16.736,8.368,4.184,8.368,35.565,35.565,4.184,81.59,50.209,0.0,0.0,0.0,0.0
PatriciaCommins,294155newsML.txt,C50test/PatriciaCommins/294155newsML.txt,official_test,0f375df6170b2eec0b9262058102aa009acdbe2e249fe2aeed656372e80a6052,bd2ab60eea99975369329b10d23b684def83b1d2afde6d4f26b5546b879bb2a6,20.7826,7.6837,4.9393,0.481172,0.393305,31.381,18.828,2.092,6.276,6.276,14.644,4.184,35.565,16.736,8.368,4.184,8.368,35.565,35.565,4.184,81.59,50.209,0.0,0.0,0.0,0.0
PatriciaCommins,29747newsML.txt,C50test/PatriciaCommins/29747newsML.txt,official_test,a0a448f65555246c88f53598de898b0573214c88a41169c3806410f5df05be09,1adafbcca5f6c94283b322cc31a899ff3c9083da38f96b0452a6a9ead982e15d,22.4,11.0517,5.0424,0.553571,0.404018,26.786,17.857,11.161,4.464,0.0,17.857,0.0,13.393,17.857,20.089,4.464,8.929,53.571,29.018,4.464,82.589,42.411,0.0,0.0,0.0,0.0
PatriciaCommins,302920newsML.txt,C50test/PatriciaCommins/302920newsML.txt,official_test,5d38309c1cef2e7b7a3f7e0cdea7a5d42d7c6f791dca7ebec5872d98d23eaf05,f636567130d43ab8c49650da537c71965e3ab51eb129eb2cdacd2fcf6309dd1d,21.28,9.0444,5.1485,0.460526,0.43985,24.436,22.556,11.278,1.88,0.0,9.398,7.519,43.233,37.594,7.519,3.759,13.158,41.353,20.677,9.398,88.346,46.992,0.0,0.0,0.0,0.0
PatriciaCommins,303107newsML.txt,C50test/PatriciaCommins/303107newsML.txt,official_test,9a78f83651cbdbdd58df8a4a52027121c01dce57d4aa0c303ebde75661a73c5e,32cb367da0f6cfdff7dbcfa3c9d806730e8463661413e598a06e767777d0dd2e,18.35,9.0955,4.7793,0.468665,0.419619,27.248,13.624,0.0,2.725,2.725,13.624,5.45,35.422,19.074,2.725,0.0,2.725,38.147,24.523,5.45,68.12,49.046,0.0,0.0,0.0,0.0
PatriciaCommins,303415newsML.txt,C50test/PatriciaCommins/303415newsML.txt,official_test,a67f7344c9c75ffe6b93d6b07204ea777491d4bf57f9fd85bfcd1c2d30a23f96,533f926482d11c3147ba97034f8b8ce95570ce375c974e685885aa48a10e8ca9,21.28,9.0444,5.1485,0.460526,0.43985,24.436,22.556,11.278,1.88,0.0,9.398,7.519,43.233,37.594,7.519,3.759,13.158,41.353,20.677,9.398,88.346,46.992,0.0,0.0,0.0,0.0
PatriciaCommins,314014newsML.txt,C50test/PatriciaCommins/314014newsML.txt,official_test,9871203499dd4e9a4c6a87b7778a079b06d0b69b9dd3d53d2485fb77bff66818,f68e4bf2b282baabe450a0f656465679f4d6a20d1620750da9caeda109808fd4,21.1071,9.4542,4.9272,0.445008,0.441624,20.305,28.765,5.076,6.768,5.076,15.228,3.384,25.381,37.225,3.384,1.692,15.228,45.685,32.149,0.0,47.377,45.685,0.0,0.0,0.0,0.0
PatriciaCommins,32110newsML.txt,C50test/PatriciaCommins/32110newsML.txt,official_test,10cf4e9efd13b58c6d4a458000de382719d8713d151035d4be2e855562b701b6,b961bd0877011015ae98d44b40df8c0e94f2a82200c90caf4649edba833f38e0,19.0556,7.1217,5.0321,0.55102,0.451895,32.07,11.662,2.915,0.0,0.0,23.324,5.831,29.155,20.408,5.831,5.831,11.662,43.732,17.493,2.915,67.055,49.563,0.0,0.0,0.0,0.0
PatriciaCommins,331817newsML.txt,C50test/PatriciaCommins/331817newsML.txt,official_test,22027d065c0072890e115ea8513b1c9c68a7d00406906b0c1f78165f68dfb670,296ff8dcce1c1dd94c1f8572f9ab827af43a20fa32ef5db0a5556e84a650eaff,19.4615,8.4318,4.919,0.466403,0.436759,25.692,17.787,13.834,3.953,3.953,3.953,3.953,35.573,21.739,13.834,0.0,7.905,45.455,37.549,5.929,69.17,51.383,0.0,0.0,0.0,0.0
PatriciaCommins,334989newsML.txt,C50test/PatriciaCommins/334989newsML.txt,official_test,3f695ede20ec9036763c8a89ea313b67e2efbd38af83b7f786b861d2ef744e38,a06bbcfedb3827d1505b62ea3223eac774af9a972e6ad6ff1c0414caadb2652e,20.2,9.4636,4.7401,0.455446,0.497525,24.752,9.901,7.426,2.475,4.95,12.376,4.95,12.376,17.327,14.851,2.475,14.851,44.554,37.129,7.426,54.455,47.03,0.0,0.0,0.0,0.0
PatriciaCommins,335312newsML.txt,C50test/PatriciaCommins/335312newsML.txt,official_test,35e60ddbf9826a4a3d810244b828663ce3cb2e4a74e5e3383409b039a102c1f5,10a7cbe2a669d52d9755380c1d089c1f6bb19812e7018e9003adf41d754cb05d,21.0,8.6152,4.7434,0.452381,0.497354,23.81,10.582,2.646,10.582,5.291,10.582,5.291,15.873,18.519,15.873,0.0,15.873,42.328,39.683,5.291,63.492,47.619,0.0,0.0,0.0,0.0
PatriciaCommins,33704newsML.txt,C50test/PatriciaCommins/33704newsML.txt,official_test,adc979458440e08b881ad63817cdc3d1224b11e7cb8f459550adbdde95d2e245,c6f2c9f2e57d03e301a348687eecef921c31525d55b2acd09763dfc94f6e837a,22.7778,8.1687,4.9878,0.463415,0.456098,21.951,9.756,4.878,4.878,0.0,19.512,9.756,29.268,21.951,7.317,4.878,17.073,46.341,31.707,2.439,41.463,43.902,0.0,2.439,0.0,0.0
PatriciaCommins,343984newsML.txt,C50test/PatriciaCommins/343984newsML.txt,official_test,592c08fda292161f036aa3fa4d2e8f70d5e4a59f1d8e291a02a4aef54f0b1997,e3f5e3bf153dbdbf1cd7a45ecc9a1de39db11e664e78f17ecc70f5fc518ea6ac,21.8462,7.6846,4.9771,0.440141,0.413732,31.69,19.366,3.521,3.521,3.521,22.887,10.563,40.493,24.648,5.282,8.803,10.563,49.296,17.606,15.845,79.225,45.775,0.0,0.0,0.0,0.0
PatriciaCommins,347178newsML.txt,C50test/PatriciaCommins/347178newsML.txt,official_test,79b3dd7289fac6a3969ecadc7395abd03dc4d73cd9289d796583e2804fc69caa,4a871823992be946080b3bda91b8c956f5da60d4ac62078befe11c7ddf61defc,20.0417,8.4532,5.0811,0.463617,0.411642,29.106,24.948,0.0,4.158,4.158,12.474,8.316,47.817,22.869,4.158,6.237,6.237,66.528,29.106,10.395,81.081,51.975,0.0,0.0,0.0,0.0
PatriciaCommins,35005newsML.txt,C50test/PatriciaCommins/35005newsML.txt,official_test,40457939763088d8322d2d937ad1322e839d32c58a3d8a0c5dffb56a304334ac,1cc0228bd5a39823bb04f09122cae6aaf6b54d1760ac2952023e624270d215d6,23.1053,7.8867,4.9681,0.457859,0.464692,20.501,11.39,9.112,4.556,0.0,18.223,9.112,29.613,22.779,9.112,4.556,15.945,50.114,29.613,2.278,38.724,43.28,0.0,2.278,0.0,0.0
PatriciaCommins,350167newsML.txt,C50test/PatriciaCommins/350167newsML.txt,official_test,91b3b959d50ed2ef24b1ec75bd38f870bf92b4db6020007ffbf500f61e6e9cca,0e5ca46d7b2a8812549baee3f75eb2b7282d5fb846deacc3d0b1f9f38ee44743,24.9048,9.5713,5.2027,0.49522,0.391969,24.857,22.945,7.648,1.912,1.912,9.56,7.648,30.593,28.681,3.824,0.0,13.384,47.801,19.12,9.56,70.746,38.241,0.0,0.0,0.0,0.0
PatriciaCommins,351736newsML.txt,C50test/PatriciaCommins/351736newsML.txt,official_test,e665b69400733c398fe3f5b98e7090426f8eefae0e740d9fc91fa1ef48b2932c,ef1770ea364d25117e6674c8a744f8a5e1b10de908ffca0276680b6b308f80c0,24.9048,9.5713,5.2065,0.49522,0.391969,24.857,22.945,7.648,1.912,1.912,9.56,7.648,30.593,28.681,3.824,0.0,13.384,47.801,19.12,9.56,70.746,38.241,0.0,0.0,0.0,0.0
PatriciaCommins,357162newsML.txt,C50test/PatriciaCommins/357162newsML.txt,official_test,6514d43914cba3ba9f8328214de8b3da5c83e0204b6f647cee6f202ecb80b415,202941235be185d0910a075c20919740c6a2dc0de017eaa834f56b379331d207,20.5652,8.6518,5.3552,0.45666,0.399577,19.027,31.712,4.228,0.0,0.0,19.027,10.571,29.598,25.37,10.571,0.0,16.913,38.055,29.598,6.342,65.539,48.626,0.0,0.0,0.0,0.0
PatriciaCommins,357273newsML.txt,C50test/PatriciaCommins/357273newsML.txt,official_test,cfeed653cb0999125b5728ff8a03d9782dca391e308946ef6c31ae4918635141,169a90245b6dc9f52960f60fcf1e4dd38f4f997170b9ddfffdf6702cf11c5d25,18.4348,7.862,5.0566,0.504717,0.412736,35.377,23.585,2.358,0.0,2.358,28.302,11.792,66.038,23.585,2.358,0.0,2.358,30.66,23.585,11.792,89.623,51.887,0.0,0.0,0.0,0.0
PatriciaCommins,360832newsML.txt,C50test/PatriciaCommins/360832newsML.txt,official_test,7dfa197b885f3f0e690f2faac383888389b645a721add1390b3653da24a02eed,6ac55eb2a1f057d201e276acf745c403cf769243dff4c2db3b47e3ec07847850,17.7778,5.9525,4.9792,0.429167,0.395833,52.083,20.833,6.25,6.25,4.167,12.5,6.25,41.667,12.5,4.167,8.333,6.25,25.0,35.417,10.417,85.417,58.333,0.0,0.0,0.0,0.0
PatriciaCommins,363833newsML.txt,C50test/PatriciaCommins/363833newsML.txt,official_test,e8644eac1b5e8b8dbaf2a39e58f52c1a6f1b1843ba03d296f7149a62fd353121,12d529203aec7db63f6afd63da5928bb9aec803b48dad5f875343e96efd22cba,17.7778,5.9525,4.9771,0.429167,0.395833,52.083,20.833,6.25,6.25,4.167,12.5,6.25,41.667,12.5,4.167,8.333,6.25,25.0,35.417,10.417,85.417,58.333,0.0,0.0,0.0,0.0
PatriciaCommins,384813newsML.txt,C50test/PatriciaCommins/384813newsML.txt,official_test,ea6496dd9a9c64fec93238b675f605ae35dc8fc8f34f741ec775a4f6a55e8e23,7ff446fe2c3182f1ef003d143b84e27fc59dbf51072d57060c99c64a508f981e,17.7143,9.2846,4.9892,0.564516,0.419355,32.258,16.129,8.065,5.376,5.376,16.129,0.0,37.634,18.817,10.753,2.688,10.753,26.882,21.505,8.065,69.892,53.763,0.0,0.0,0.0,0.0
PatriciaCommins,384968newsML.txt,C50test/PatriciaCommins/384968newsML.txt,official_test,d28dcb0b989597d767403e841f2f1ea6bcaff347cf2ad4932c9632d62213d1fd,b1c26110955932c3cd3b7cc3cf9470530b62c837d1c5e94768e36d07eee2134c,20.3684,9.488,4.9432,0.560724,0.462532,28.424,7.752,7.752,10.336,2.584,10.336,5.168,18.088,36.176,2.584,5.168,7.752,49.096,31.008,2.584,64.599,46.512,0.0,0.0,0.0,0.0
PatriciaCommins,384992newsML.txt,C50test/PatriciaCommins/384992newsML.txt,official_test,4a4e8197fc3ea7ff668a18387db85e923a572ebbfe5615ec108a547e9632902c,de2877ba7e1fb0f5f73a689c9a69339787747ca6f83352900480912cf2e71ac6,18.7333,8.729,5.0285,0.548043,0.434164,24.911,10.676,10.676,7.117,7.117,14.235,7.117,39.146,28.47,0.0,0.0,3.559,42.705,28.47,3.559,85.409,49.822,0.0,0.0,0.0,0.0
PatriciaCommins,386926newsML.txt,C50test/PatriciaCommins/386926newsML.txt,official_test,f4b23acd246cfbea5263ec7f70c90c1bf1e5c358d7a32774d2a7f5716fabd517,a8342ec1f0144288005844e731dfdb583d73623f08b148cab06fe63b90fa23ed,18.5625,8.6166,5.1515,0.518519,0.414141,6.734,23.569,6.734,6.734,3.367,10.101,0.0,33.67,30.303,3.367,3.367,10.101,53.872,33.67,3.367,57.239,50.505,0.0,0.0,0.0,0.0
PatriciaCommins,386989newsML.txt,C50test/PatriciaCommins/386989newsML.txt,official_test,d5159c84d56b7a05d0d3906cf9bb2adde289f6c261ed24ab4345fcf06101f9ad,85e9f2eacb8416061db035d37980ee9c8b1955839fd6f58d5df0f962eccc0345,22.1538,9.088,4.9306,0.513889,0.399306,34.722,20.833,6.944,6.944,3.472,10.417,3.472,27.778,41.667,3.472,0.0,6.944,41.667,20.833,13.889,100.694,41.667,0.0,0.0,0.0,0.0
PatriciaCommins,388290newsML.txt,C50test/PatriciaCommins/388290newsML.txt,official_test,ca818692945506034feb3c6ebb54a6a1709c529ebaf96944f024876db841be84,90296905a1086fc357448f3e0909ab4d5f09834a5b1d81e5aea5af148be9d909,23.3158,9.7606,4.9481,0.503386,0.399549,18.059,18.059,0.0,0.0,0.0,6.772,11.287,42.889,22.573,2.257,2.257,13.544,51.919,22.573,11.287,56.433,40.632,0.0,0.0,0.0,0.0
PatriciaCommins,388381newsML.txt,C50test/PatriciaCommins/388381newsML.txt,official_test,16d11ce3232bb49710621c885b7e1805423ca243c9d6ffcaa6ef621192051905,4f23040c3ef0ed860cae0fabd7abde4fa809a2711e567049c943a548912090d4,17.913,7.8956,5.1189,0.504854,0.429612,21.845,26.699,4.854,7.282,2.427,9.709,0.0,31.553,12.136,7.282,0.0,12.136,55.825,19.417,7.282,72.816,53.398,0.0,0.0,0.0,0.0
PatriciaCommins,388386newsML.txt,C50test/PatriciaCommins/388386newsML.txt,official_test,08819bfcbff08056cff7b3c09fde14d3aca24d1a6990cf785444c4bee83a086e,97bab4ae36dbbef2a0e653c2800313c6b784331c4eb7d8ca9e0d095c8bf2ad1c,19.1579,7.1249,5.0769,0.596154,0.458791,35.714,27.473,2.747,2.747,5.495,16.484,0.0,27.473,24.725,5.495,5.495,10.989,43.956,21.978,13.736,60.44,49.451,0.0,0.0,0.0,0.0
PatriciaCommins,390115newsML.txt,C50test/PatriciaCommins/390115newsML.txt,official_test,9fbb1dd4dc3024982d3c61f90f537d39322cbcc1feb8312943f0c235c9cc8336,339ab48de9ffa0475c28c0e0dcdc5f82a6a4de9efae16a53a78748c3f0030b03,18.3333,8.6152,5.3864,0.631818,0.363636,22.727,18.182,0.0,4.545,0.0,9.091,9.091,27.273,22.727,0.0,0.0,9.091,40.909,31.818,18.182,54.545,50.0,0.0,0.0,0.0,0.0
PatriciaCommins,391260newsML.txt,C50test/PatriciaCommins/391260newsML.txt,official_test,0d41dca8a1120bd95603ba58026ae30ec7c1b397afa793ce0ff9b046f7855fc1,fd0c2fbc8397a8db801c74e51148673e1e4dbc8ed57294614519036b28e2ced5,18.8571,10.7229,4.8636,0.560606,0.44697,30.303,7.576,0.0,11.364,7.576,11.364,3.788,45.455,30.303,3.788,3.788,15.152,60.606,30.303,7.576,68.182,49.242,0.0,0.0,0.0,0.0
PatriciaCommins,391445newsML.txt,C50test/PatriciaCommins/391445newsML.txt,official_test,b6579db4c54a0f039ec8d4cf19389ac2b742b3aacd7ddc8532fb1197b96ecdd8,2a6080cba6fab420ac3edf37742b75f244b1c3ad15e1d0241692f404f8ed43d4,17.5789,7.2715,5.0808,0.541916,0.449102,20.958,20.958,0.0,8.982,2.994,23.952,2.994,17.964,14.97,8.982,2.994,17.964,44.91,47.904,0.0,59.88,53.892,0.0,0.0,0.0,0.0
PatriciaCommins,391498newsML.txt,C50test/PatriciaCommins/391498newsML.txt,official_test,3fbc15fe8c446d4768d350185859d8b028f27e3c693bf7e30dc01c6e0529db48,57b360ef4705053344a7f0da735cb18070e4e54b953222064956714b63673063,22.4706,7.8224,4.8953,0.549738,0.460733,18.325,18.325,2.618,2.618,2.618,15.707,10.471,39.267,15.707,10.471,13.089,15.707,34.031,41.885,10.471,73.298,41.885,0.0,0.0,0.0,0.0
PatriciaCommins,397964newsML.txt,C50test/PatriciaCommins/397964newsML.txt,official_test,d22a5e4b25ff3b0974d43e9672c6d95ce62b4779478ef3158adcdb0e7b25fa7c,26320e04f24659975dd971a16e181f1d371c6a1fbc3fa80796253eaff901a8b4,20.4286,7.8669,5.4353,0.421329,0.407343,20.979,31.469,10.49,5.245,3.497,5.245,0.0,24.476,40.21,5.245,0.0,12.238,48.951,20.979,5.245,62.937,48.951,0.0,0.0,0.0,0.0
PatriciaCommins,398230newsML.txt,C50test/PatriciaCommins/398230newsML.txt,official_test,8f14f7f56b486bf290937f36335167a37717434ea6a77c6034f94d96502fdfa7,bab52fa897d903650479e273e8890217e83728e17bd67e84736fa2b2ca5caf7c,18.0435,8.1266,5.1398,0.510843,0.436145,24.096,21.687,2.41,12.048,4.819,9.639,0.0,28.916,16.867,4.819,0.0,16.867,48.193,16.867,9.639,50.602,53.012,0.0,0.0,0.0,0.0
PatriciaCommins,404398newsML.txt,C50test/PatriciaCommins/404398newsML.txt,official_test,76f892a15d6ac1a80af49c1d1394ed6f570e8a7c0e8e64b7ab541360e5a112c5,862cd89aeaf6398f0022c9c32404015074b2c75b3dbeecc7460e788c52259735,18.7,7.8958,4.9804,0.509804,0.424242,28.52,16.043,1.783,1.783,3.565,7.13,1.783,16.043,19.608,10.695,0.0,8.913,46.346,40.998,5.348,80.214,53.476,0.0,0.0,0.0,0.0
PatriciaCommins,404426newsML.txt,C50test/PatriciaCommins/404426newsML.txt,official_test,afcc645a3a8cb6f71b429fdb24692c1a131bdc37c0b23d6c76bc18b832f776e5,b9b13b164a484f124ed7d2c70b6504ab3b5e3d442680c8664d1b4d3402794518,21.9583,6.6111,4.9791,0.440228,0.40797,18.975,37.951,3.795,0.0,1.898,3.795,3.795,34.156,32.258,9.488,0.0,7.59,53.131,20.873,3.795,64.516,45.541,0.0,3.795,0.0,0.0
PatriciaCommins,404982newsML.txt,C50test/PatriciaCommins/404982newsML.txt,official_test,4973660501f67aa698aec4330511206f7cbd7a1fe99dde2f9faa0da8d9e06a23,51eb8bd1eb485a326bf8e860b9af57bb0ebd27489420bb89963a740dd8d38175,19.0,7.746,4.9596,0.501754,0.421053,28.07,15.789,1.754,1.754,3.509,7.018,1.754,17.544,19.298,10.526,0.0,8.772,45.614,42.105,5.263,78.947,52.632,0.0,0.0,0.0,0.0
PatriciaCommins,404985newsML.txt,C50test/PatriciaCommins/404985newsML.txt,official_test,32d703ccfe9de1ca5fba53893f2c9f8c0c90db0c20e7d3fa66a172338cb802a4,a10e0a522481a1d9567b336c86df61320d44e7814492cb1c436ec187cf864a9e,18.8,7.9933,4.9911,0.507092,0.421986,28.369,15.957,1.773,1.773,3.546,7.092,1.773,15.957,19.504,10.638,0.0,8.865,46.099,40.78,5.319,81.56,53.191,0.0,0.0,0.0,0.0
PatriciaCommins,407636newsML.txt,C50test/PatriciaCommins/407636newsML.txt,official_test,f25375e105d62fa15dae6cd7faeacfeeb7000293ff52aea2a5484c40707541ae,6486a193bd00097e7d8013b568953f1fd33d792c96229c5b6329f03d25fe90cf,20.6923,8.9131,4.8755,0.496283,0.436803,35.316,13.011,5.576,9.294,3.717,3.717,3.717,5.576,29.74,11.152,0.0,13.011,27.881,26.022,14.87,85.502,46.468,1.859,0.0,1.859,0.0
PatriciaCommins,413779newsML.txt,C50test/PatriciaCommins/413779newsML.txt,official_test,812593c5a74cfc841cf44e3301c70a80c104a84f899e7d1704f9af69146b7d72,6d9e2c3dd921152c478cc172d8a4019105ddab8093ed646a4eb8931cee194980,22.28,8.7294,5.0844,0.459605,0.450628,25.135,28.725,3.591,3.591,0.0,14.363,7.181,23.339,28.725,8.977,3.591,14.363,66.427,30.521,3.591,52.065,44.883,0.0,0.0,0.0,0.0
PatriciaCommins,415401newsML.txt,C50test/PatriciaCommins/415401newsML.txt,official_test,cb8af09c098bc288fc135a939ecbf82a6efc49b55c01698a6e0580038b912045,7a76381ae833eba6fdff3bf3ccb37bd74a43f131d8313ed3306ba5deebf88395,22.28,8.7294,5.0916,0.459605,0.450628,25.135,28.725,3.591,3.591,0.0,14.363,7.181,23.339,28.725,8.977,3.591,14.363,66.427,30.521,3.591,52.065,44.883,0.0,0.0,0.0,0.0
PatriciaCommins,429308newsML.txt,C50test/PatriciaCommins/429308newsML.txt,official_test,dc2219ca5238d937d45a1ccfd7429441e7e9499632460bfa33208ed24cad8c2a,7e2880972cc49dda5216de1be48413413b79c6fe97d6b33a056ec15f2f365300,18.7778,8.5951,4.7278,0.493097,0.455621,25.641,9.862,7.89,5.917,3.945,13.807,5.917,23.669,33.531,3.945,1.972,15.779,55.227,41.42,5.917,88.757,57.199,0.0,0.0,0.0,0.0
PatriciaCommins,43225newsML.txt,C50test/PatriciaCommins/43225newsML.txt,official_test,1b4e2955a7b2597a160a132a4118028f5b4d73169705e8d23811cf15f2d08443,d0539cdb8e7e269070d44fcfc6314aaab95152c3c4676692e26b61eb510461a4,20.25,6.7147,4.9136,0.501235,0.412346,32.099,9.877,4.938,2.469,0.0,9.877,9.877,32.099,24.691,2.469,0.0,7.407,29.63,39.506,0.0,81.481,46.914,0.0,0.0,0.0,0.0
PatriciaCommins,433550newsML.txt,C50test/PatriciaCommins/433550newsML.txt,official_test,c4088fecdff0f4032b5239cda38901e71579dd5c8bc6c9bd997f805d90054e09,c4c5dc9636c100c223c44e6339838a232838b6a447597a2c361724cbbcb80d81,20.4615,6.5647,5.0244,0.409774,0.383459,26.316,24.436,3.759,1.88,1.88,9.398,1.88,41.353,20.677,5.639,0.0,1.88,41.353,15.038,3.759,82.707,50.752,0.0,0.0,0.0,0.0
PatriciaCommins,436695newsML.txt,C50test/PatriciaCommins/436695newsML.txt,official_test,8b533cc0f5c3ab23f9b93968e61e42c9bd8c3cea41dd916d87f6b09f30ab3369,2c7941bf48d82b3be1f8ce4b214cb1add32789b852abbf144a6abeee5973a4a7,18.6667,7.8268,4.9087,0.450397,0.434524,25.794,11.905,3.968,1.984,3.968,17.857,7.937,29.762,21.825,3.968,5.952,17.857,55.556,23.81,5.952,77.381,53.571,1.984,0.0,0.0,0.0
PatriciaCommins,450332newsML.txt,C50test/PatriciaCommins/450332newsML.txt,official_test,2b04c008bcd48b2b68b2b22db3ea804bd647d64f6c0419f3df36b06ca1f9fa5b,eb7a5ff65bb651f1ceb3c6f464977bb45f48c2c876d657f9036d840d5aea3866,17.5556,10.1007,4.8196,0.550633,0.443038,15.823,12.658,6.329,9.494,0.0,6.329,9.494,25.316,22.152,0.0,3.165,22.152,44.304,34.81,9.494,79.114,53.797,0.0,0.0,0.0,0.0
PatriciaCommins,456459newsML.txt,C50test/PatriciaCommins/456459newsML.txt,official_test,cc6c85a3772aef6e52153bc8abbb8d115dcf832c44e12065603d718fed44d3cd,c1b65fa90c7b88e048b9c59e17a6c65502b1fd9d1ff88f106217b4b3edae1d84,19.4286,7.6131,4.9461,0.480392,0.443627,46.569,19.608,4.902,4.902,4.902,4.902,17.157,41.667,29.412,2.451,7.353,12.255,39.216,17.157,4.902,83.333,49.02,0.0,0.0,0.0,0.0
PatriciaCommins,466395newsML.txt,C50test/PatriciaCommins/466395newsML.txt,official_test,d3e07145e3bc13df84730b7e80a1489bffe8fdc90ec509a362a9d3533792acbd,256b042ff2cc5a24df017502fb18934730e95968fe4ae8620384089226cbbe46,20.2083,8.2512,4.9196,0.507216,0.445361,16.495,20.619,4.124,2.062,2.062,6.186,6.186,32.99,18.557,4.124,4.124,18.557,32.99,28.866,14.433,65.979,45.361,0.0,0.0,0.0,0.0
